date,hospital_id,department,admissions,discharges,available_beds,occupied_beds,staff_count,procedure_count
2024-01-01,HOSP_001,Emergency,55,38,72,68,44,12
2024-01-01,HOSP_001,Medical,40,39,96,70,34,16
2024-01-01,HOSP_001,Surgical,28,24,68,52,30,28
2024-01-01,HOSP_001,Pediatrics,25,21,52,41,23,9
2024-01-02,HOSP_001,Emergency,59,41,72,72,41,11
2024-01-02,HOSP_001,Medical,35,40,96,65,39,17
2024-01-02,HOSP_001,Surgical,27,26,68,53,30,30
2024-01-02,HOSP_001,Pediatrics,18,26,52,33,27,9
2024-01-03,HOSP_001,Emergency,66,52,72,72,40,10
2024-01-03,HOSP_001,Medical,36,34,96,67,36,12
2024-01-03,HOSP_001,Surgical,27,20,68,60,32,28
2024-01-03,HOSP_001,Pediatrics,23,18,52,38,26,11
2024-01-04,HOSP_001,Emergency,54,48,72,72,43,9
2024-01-04,HOSP_001,Medical,35,37,96,65,36,15
2024-01-04,HOSP_001,Surgical,25,25,68,60,35,27
2024-01-04,HOSP_001,Pediatrics,22,19,52,41,24,10
2024-01-05,HOSP_001,Emergency,58,46,72,72,43,11
2024-01-05,HOSP_001,Medical,37,37,96,65,39,16
2024-01-05,HOSP_001,Surgical,28,24,68,64,30,28
2024-01-05,HOSP_001,Pediatrics,22,23,52,40,26,11
2024-01-06,HOSP_001,Emergency,52,40,72,72,43,2
2024-01-06,HOSP_001,Medical,33,31,96,67,39,9
2024-01-06,HOSP_001,Surgical,23,18,68,68,34,14
2024-01-06,HOSP_001,Pediatrics,29,23,52,46,25,7
2024-01-07,HOSP_001,Emergency,58,46,72,72,44,6
2024-01-07,HOSP_001,Medical,43,39,96,71,35,9
2024-01-07,HOSP_001,Surgical,25,30,68,63,32,18
2024-01-07,HOSP_001,Pediatrics,26,27,52,45,24,10
2024-01-08,HOSP_001,Emergency,67,49,72,72,42,12
2024-01-08,HOSP_001,Medical,38,45,96,64,35,20
2024-01-08,HOSP_001,Surgical,27,25,68,65,34,29
2024-01-08,HOSP_001,Pediatrics,24,27,52,42,26,8
2024-01-09,HOSP_001,Emergency,55,42,72,72,46,14
2024-01-09,HOSP_001,Medical,42,39,96,67,40,19
2024-01-09,HOSP_001,Surgical,26,22,68,68,32,28
2024-01-09,HOSP_001,Pediatrics,23,22,52,43,25,10
2024-01-10,HOSP_001,Emergency,60,46,72,72,40,10
2024-01-10,HOSP_001,Medical,40,31,96,76,40,17
2024-01-10,HOSP_001,Surgical,27,28,68,67,30,29
2024-01-10,HOSP_001,Pediatrics,22,25,52,40,26,10
2024-01-11,HOSP_001,Emergency,61,50,72,72,47,12
2024-01-11,HOSP_001,Medical,39,36,96,79,37,17
2024-01-11,HOSP_001,Surgical,30,23,68,68,32,25
2024-01-11,HOSP_001,Pediatrics,24,19,52,45,26,8
2024-01-12,HOSP_001,Emergency,59,45,72,72,44,11
2024-01-12,HOSP_001,Medical,39,47,96,71,36,18
2024-01-12,HOSP_001,Surgical,26,29,68,65,35,32
2024-01-12,HOSP_001,Pediatrics,26,28,52,43,23,10
2024-01-13,HOSP_001,Emergency,65,45,72,72,44,6
2024-01-13,HOSP_001,Medical,42,32,96,81,37,11
2024-01-13,HOSP_001,Surgical,25,25,68,65,31,16
2024-01-13,HOSP_001,Pediatrics,25,26,52,42,26,3
2024-01-14,HOSP_001,Emergency,50,39,72,72,45,7
2024-01-14,HOSP_001,Medical,25,33,96,73,34,12
2024-01-14,HOSP_001,Surgical,20,24,68,61,31,17
2024-01-14,HOSP_001,Pediatrics,28,22,52,48,23,4
2024-01-15,HOSP_001,Emergency,50,37,72,72,41,11
2024-01-15,HOSP_001,Medical,39,41,96,71,39,19
2024-01-15,HOSP_001,Surgical,26,30,68,57,30,28
2024-01-15,HOSP_001,Pediatrics,27,26,52,49,28,9
2024-01-16,HOSP_001,Emergency,54,38,72,72,42,12
2024-01-16,HOSP_001,Medical,43,38,96,76,39,19
2024-01-16,HOSP_001,Surgical,22,27,68,52,31,30
2024-01-16,HOSP_001,Pediatrics,23,28,52,44,27,10
2024-01-17,HOSP_001,Emergency,58,42,72,72,42,12
2024-01-17,HOSP_001,Medical,44,40,96,80,40,18
2024-01-17,HOSP_001,Surgical,24,22,68,54,34,28
2024-01-17,HOSP_001,Pediatrics,28,24,52,48,25,8
2024-01-18,HOSP_001,Emergency,52,44,72,72,44,11
2024-01-18,HOSP_001,Medical,40,44,96,76,36,17
2024-01-18,HOSP_001,Surgical,24,24,68,54,31,29
2024-01-18,HOSP_001,Pediatrics,24,21,52,51,24,11
2024-01-19,HOSP_001,Emergency,54,45,72,72,42,12
2024-01-19,HOSP_001,Medical,45,43,96,78,38,18
2024-01-19,HOSP_001,Surgical,25,24,68,55,30,27
2024-01-19,HOSP_001,Pediatrics,22,26,52,47,22,6
2024-01-20,HOSP_001,Emergency,55,42,72,72,41,8
2024-01-20,HOSP_001,Medical,30,36,96,72,35,11
2024-01-20,HOSP_001,Surgical,27,22,68,60,28,18
2024-01-20,HOSP_001,Pediatrics,21,25,52,43,25,4
2024-01-21,HOSP_001,Emergency,62,45,72,72,44,6
2024-01-21,HOSP_001,Medical,36,41,96,67,37,11
2024-01-21,HOSP_001,Surgical,24,19,68,65,33,13
2024-01-21,HOSP_001,Pediatrics,26,23,52,46,22,3
2024-01-22,HOSP_001,Emergency,51,42,72,72,45,10
2024-01-22,HOSP_001,Medical,37,35,96,69,37,15
2024-01-22,HOSP_001,Surgical,25,29,68,61,33,27
2024-01-22,HOSP_001,Pediatrics,28,24,52,50,28,7
2024-01-23,HOSP_001,Emergency,62,47,72,72,42,10
2024-01-23,HOSP_001,Medical,41,42,96,68,34,16
2024-01-23,HOSP_001,Surgical,24,26,68,59,31,30
2024-01-23,HOSP_001,Pediatrics,22,24,52,48,27,12
2024-01-24,HOSP_001,Emergency,55,42,72,72,42,7
2024-01-24,HOSP_001,Medical,36,38,96,66,39,16
2024-01-24,HOSP_001,Surgical,31,29,68,61,32,28
2024-01-24,HOSP_001,Pediatrics,22,27,52,43,24,8
2024-01-25,HOSP_001,Emergency,54,44,72,72,45,11
2024-01-25,HOSP_001,Medical,35,30,96,71,38,17
2024-01-25,HOSP_001,Surgical,23,21,68,63,34,33
2024-01-25,HOSP_001,Pediatrics,24,28,52,39,24,11
2024-01-26,HOSP_001,Emergency,57,44,72,72,42,14
2024-01-26,HOSP_001,Medical,39,39,96,71,36,17
2024-01-26,HOSP_001,Surgical,24,26,68,61,30,29
2024-01-26,HOSP_001,Pediatrics,21,19,52,41,23,8
2024-01-27,HOSP_001,Emergency,58,43,72,72,46,10
2024-01-27,HOSP_001,Medical,35,33,96,73,36,9
2024-01-27,HOSP_001,Surgical,28,24,68,65,31,18
2024-01-27,HOSP_001,Pediatrics,25,19,52,47,27,3
2024-01-28,HOSP_001,Emergency,55,40,72,72,41,6
2024-01-28,HOSP_001,Medical,29,36,96,66,36,9
2024-01-28,HOSP_001,Surgical,25,26,68,64,34,16
2024-01-28,HOSP_001,Pediatrics,28,25,52,50,26,5
2024-01-29,HOSP_001,Emergency,53,42,72,72,48,9
2024-01-29,HOSP_001,Medical,47,38,96,75,38,19
2024-01-29,HOSP_001,Surgical,30,27,68,67,35,27
2024-01-29,HOSP_001,Pediatrics,20,25,52,45,25,7
2024-01-30,HOSP_001,Emergency,53,44,72,72,42,7
2024-01-30,HOSP_001,Medical,39,37,96,77,35,17
2024-01-30,HOSP_001,Surgical,26,27,68,66,34,26
2024-01-30,HOSP_001,Pediatrics,21,26,52,40,30,8
2024-01-31,HOSP_001,Emergency,49,44,72,72,44,11
2024-01-31,HOSP_001,Medical,38,38,96,77,37,20
2024-01-31,HOSP_001,Surgical,25,28,68,63,33,29
2024-01-31,HOSP_001,Pediatrics,20,21,52,39,26,12
2024-02-01,HOSP_001,Emergency,57,41,72,72,45,11
2024-02-01,HOSP_001,Medical,36,39,96,74,41,19
2024-02-01,HOSP_001,Surgical,24,24,68,63,31,25
2024-02-01,HOSP_001,Pediatrics,21,19,52,41,24,11
2024-02-02,HOSP_001,Emergency,57,39,72,72,45,12
2024-02-02,HOSP_001,Medical,37,36,96,75,35,18
2024-02-02,HOSP_001,Surgical,25,23,68,65,34,30
2024-02-02,HOSP_001,Pediatrics,21,19,52,43,25,5
2024-02-03,HOSP_001,Emergency,57,41,72,72,44,9
2024-02-03,HOSP_001,Medical,39,39,96,75,40,8
2024-02-03,HOSP_001,Surgical,20,24,68,61,31,18
2024-02-03,HOSP_001,Pediatrics,26,22,52,47,30,7
2024-02-04,HOSP_001,Emergency,63,40,72,72,44,8
2024-02-04,HOSP_001,Medical,32,43,96,64,38,9
2024-02-04,HOSP_001,Surgical,24,25,68,60,30,18
2024-02-04,HOSP_001,Pediatrics,23,30,52,40,28,8
2024-02-05,HOSP_001,Emergency,53,45,72,72,46,13
2024-02-05,HOSP_001,Medical,42,38,96,68,36,16
2024-02-05,HOSP_001,Surgical,25,27,68,58,28,26
2024-02-05,HOSP_001,Pediatrics,30,28,52,42,27,12
2024-02-06,HOSP_001,Emergency,65,47,72,72,45,12
2024-02-06,HOSP_001,Medical,33,32,96,69,40,17
2024-02-06,HOSP_001,Surgical,27,25,68,60,29,25
2024-02-06,HOSP_001,Pediatrics,23,20,52,45,22,11
2024-02-07,HOSP_001,Emergency,54,44,72,72,47,13
2024-02-07,HOSP_001,Medical,33,36,96,66,37,16
2024-02-07,HOSP_001,Surgical,25,27,68,58,31,25
2024-02-07,HOSP_001,Pediatrics,23,24,52,44,23,9
2024-02-08,HOSP_001,Emergency,60,46,72,72,46,14
2024-02-08,HOSP_001,Medical,43,39,96,70,36,18
2024-02-08,HOSP_001,Surgical,25,26,68,57,35,26
2024-02-08,HOSP_001,Pediatrics,22,22,52,44,25,8
2024-02-09,HOSP_001,Emergency,54,40,72,72,42,12
2024-02-09,HOSP_001,Medical,42,36,96,76,39,17
2024-02-09,HOSP_001,Surgical,26,23,68,60,32,28
2024-02-09,HOSP_001,Pediatrics,19,23,52,40,22,11
2024-02-10,HOSP_001,Emergency,51,45,72,72,44,6
2024-02-10,HOSP_001,Medical,29,41,96,64,37,12
2024-02-10,HOSP_001,Surgical,26,32,68,54,33,17
2024-02-10,HOSP_001,Pediatrics,21,23,52,38,23,4
2024-02-11,HOSP_001,Emergency,58,47,72,72,44,6
2024-02-11,HOSP_001,Medical,31,34,96,61,31,9
2024-02-11,HOSP_001,Surgical,21,18,68,57,31,15
2024-02-11,HOSP_001,Pediatrics,27,22,52,43,26,2
2024-02-12,HOSP_001,Emergency,47,46,72,72,44,13
2024-02-12,HOSP_001,Medical,43,39,96,65,38,16
2024-02-12,HOSP_001,Surgical,29,21,68,65,33,27
2024-02-12,HOSP_001,Pediatrics,22,24,52,41,25,9
2024-02-13,HOSP_001,Emergency,47,39,72,72,46,12
2024-02-13,HOSP_001,Medical,35,32,96,68,37,18
2024-02-13,HOSP_001,Surgical,26,19,68,68,32,27
2024-02-13,HOSP_001,Pediatrics,21,18,52,44,25,8
2024-02-14,HOSP_001,Emergency,53,40,72,72,43,14
2024-02-14,HOSP_001,Medical,32,33,96,67,36,15
2024-02-14,HOSP_001,Surgical,24,28,68,64,30,30
2024-02-14,HOSP_001,Pediatrics,18,18,52,44,24,8
2024-02-15,HOSP_001,Emergency,54,45,72,72,48,10
2024-02-15,HOSP_001,Medical,40,37,96,70,34,19
2024-02-15,HOSP_001,Surgical,26,24,68,66,31,29
2024-02-15,HOSP_001,Pediatrics,23,23,52,44,24,7
2024-02-16,HOSP_001,Emergency,55,44,72,72,46,16
2024-02-16,HOSP_001,Medical,38,29,96,79,40,21
2024-02-16,HOSP_001,Surgical,25,26,68,65,32,27
2024-02-16,HOSP_001,Pediatrics,17,19,52,42,23,12
2024-02-17,HOSP_001,Emergency,61,41,72,72,43,4
2024-02-17,HOSP_001,Medical,35,41,96,73,36,9
2024-02-17,HOSP_001,Surgical,21,29,68,57,30,15
2024-02-17,HOSP_001,Pediatrics,29,28,52,43,25,1
2024-02-18,HOSP_001,Emergency,66,49,72,72,45,7
2024-02-18,HOSP_001,Medical,32,37,96,68,34,9
2024-02-18,HOSP_001,Surgical,22,20,68,59,26,20
2024-02-18,HOSP_001,Pediatrics,22,21,52,44,26,6
2024-02-19,HOSP_001,Emergency,60,42,72,72,46,11
2024-02-19,HOSP_001,Medical,33,31,96,70,36,17
2024-02-19,HOSP_001,Surgical,22,20,68,61,32,29
2024-02-19,HOSP_001,Pediatrics,21,21,52,44,24,4
2024-02-20,HOSP_001,Emergency,52,41,72,72,46,11
2024-02-20,HOSP_001,Medical,38,37,96,71,39,16
2024-02-20,HOSP_001,Surgical,27,24,68,64,31,28
2024-02-20,HOSP_001,Pediatrics,24,27,52,41,27,10
2024-02-21,HOSP_001,Emergency,52,44,72,72,40,11
2024-02-21,HOSP_001,Medical,41,34,96,78,38,16
2024-02-21,HOSP_001,Surgical,26,22,68,68,31,26
2024-02-21,HOSP_001,Pediatrics,22,25,52,38,25,13
2024-02-22,HOSP_001,Emergency,62,45,72,72,42,13
2024-02-22,HOSP_001,Medical,42,38,96,82,38,18
2024-02-22,HOSP_001,Surgical,26,29,68,65,35,25
2024-02-22,HOSP_001,Pediatrics,21,26,52,33,25,7
2024-02-23,HOSP_001,Emergency,49,41,72,72,42,14
2024-02-23,HOSP_001,Medical,41,47,96,76,38,17
2024-02-23,HOSP_001,Surgical,25,27,68,63,32,25
2024-02-23,HOSP_001,Pediatrics,22,20,52,35,28,8
2024-02-24,HOSP_001,Emergency,59,45,72,72,42,9
2024-02-24,HOSP_001,Medical,34,39,96,71,36,9
2024-02-24,HOSP_001,Surgical,24,21,68,66,33,11
2024-02-24,HOSP_001,Pediatrics,19,19,52,35,23,6
2024-02-25,HOSP_001,Emergency,57,41,72,72,42,1
2024-02-25,HOSP_001,Medical,34,38,96,67,36,10
2024-02-25,HOSP_001,Surgical,26,23,68,68,30,16
2024-02-25,HOSP_001,Pediatrics,24,20,52,39,26,2
2024-02-26,HOSP_001,Emergency,45,39,72,72,44,11
2024-02-26,HOSP_001,Medical,34,32,96,69,38,16
2024-02-26,HOSP_001,Surgical,23,26,68,65,34,27
2024-02-26,HOSP_001,Pediatrics,20,26,52,33,26,10
2024-02-27,HOSP_001,Emergency,62,47,72,72,44,11
2024-02-27,HOSP_001,Medical,39,42,96,66,34,19
2024-02-27,HOSP_001,Surgical,29,29,68,65,34,27
2024-02-27,HOSP_001,Pediatrics,21,23,52,31,27,5
2024-02-28,HOSP_001,Emergency,46,41,72,72,42,12
2024-02-28,HOSP_001,Medical,34,32,96,68,38,21
2024-02-28,HOSP_001,Surgical,27,25,68,67,30,27
2024-02-28,HOSP_001,Pediatrics,26,22,52,35,27,11
2024-02-29,HOSP_001,Emergency,43,40,72,72,44,12
2024-02-29,HOSP_001,Medical,38,42,96,64,35,17
2024-02-29,HOSP_001,Surgical,25,22,68,68,30,26
2024-02-29,HOSP_001,Pediatrics,23,19,52,39,26,9
2024-03-01,HOSP_001,Emergency,62,44,72,72,45,9
2024-03-01,HOSP_001,Medical,41,35,96,70,36,16
2024-03-01,HOSP_001,Surgical,26,24,68,68,32,27
2024-03-01,HOSP_001,Pediatrics,21,22,52,38,23,9
2024-03-02,HOSP_001,Emergency,46,47,72,71,42,4
2024-03-02,HOSP_001,Medical,42,37,96,75,38,9
2024-03-02,HOSP_001,Surgical,23,30,68,61,33,13
2024-03-02,HOSP_001,Pediatrics,23,22,52,39,22,5
2024-03-03,HOSP_001,Emergency,51,39,72,72,39,6
2024-03-03,HOSP_001,Medical,37,38,96,74,34,11
2024-03-03,HOSP_001,Surgical,22,27,68,56,28,16
2024-03-03,HOSP_001,Pediatrics,22,16,52,45,25,8
2024-03-04,HOSP_001,Emergency,55,41,72,72,43,13
2024-03-04,HOSP_001,Medical,33,34,96,73,37,18
2024-03-04,HOSP_001,Surgical,26,21,68,61,35,28
2024-03-04,HOSP_001,Pediatrics,19,24,52,40,24,12
2024-03-05,HOSP_001,Emergency,54,41,72,72,42,11
2024-03-05,HOSP_001,Medical,37,36,96,74,36,17
2024-03-05,HOSP_001,Surgical,22,27,68,56,29,27
2024-03-05,HOSP_001,Pediatrics,17,24,52,33,27,7
2024-03-06,HOSP_001,Emergency,52,40,72,72,44,10
2024-03-06,HOSP_001,Medical,39,33,96,80,38,14
2024-03-06,HOSP_001,Surgical,25,20,68,61,32,27
2024-03-06,HOSP_001,Pediatrics,26,22,52,37,23,9
2024-03-07,HOSP_001,Emergency,57,43,72,72,44,13
2024-03-07,HOSP_001,Medical,42,35,96,87,38,19
2024-03-07,HOSP_001,Surgical,21,20,68,62,31,28
2024-03-07,HOSP_001,Pediatrics,21,16,52,42,27,9
2024-03-08,HOSP_001,Emergency,47,41,72,72,45,9
2024-03-08,HOSP_001,Medical,37,42,96,82,37,15
2024-03-08,HOSP_001,Surgical,26,27,68,61,31,26
2024-03-08,HOSP_001,Pediatrics,18,23,52,37,25,9
2024-03-09,HOSP_001,Emergency,51,36,72,72,39,8
2024-03-09,HOSP_001,Medical,39,41,96,80,37,10
2024-03-09,HOSP_001,Surgical,22,19,68,64,29,8
2024-03-09,HOSP_001,Pediatrics,21,15,52,43,26,4
2024-03-10,HOSP_001,Emergency,61,47,72,72,39,7
2024-03-10,HOSP_001,Medical,31,34,96,77,39,11
2024-03-10,HOSP_001,Surgical,26,24,68,66,35,11
2024-03-10,HOSP_001,Pediatrics,22,21,52,44,25,3
2024-03-11,HOSP_001,Emergency,53,39,72,72,44,9
2024-03-11,HOSP_001,Medical,36,38,96,75,42,15
2024-03-11,HOSP_001,Surgical,32,29,68,68,31,28
2024-03-11,HOSP_001,Pediatrics,26,25,52,45,24,12
2024-03-12,HOSP_001,Emergency,58,40,72,72,44,10
2024-03-12,HOSP_001,Medical,38,41,96,72,40,15
2024-03-12,HOSP_001,Surgical,27,24,68,68,30,30
2024-03-12,HOSP_001,Pediatrics,20,23,52,42,26,9
2024-03-13,HOSP_001,Emergency,47,40,72,72,40,10
2024-03-13,HOSP_001,Medical,37,36,96,73,37,16
2024-03-13,HOSP_001,Surgical,21,26,68,63,30,24
2024-03-13,HOSP_001,Pediatrics,18,24,52,36,23,7
2024-03-14,HOSP_001,Emergency,61,45,72,72,44,11
2024-03-14,HOSP_001,Medical,36,29,96,80,37,15
2024-03-14,HOSP_001,Surgical,26,21,68,68,26,25
2024-03-14,HOSP_001,Pediatrics,27,28,52,35,26,11
2024-03-15,HOSP_001,Emergency,55,44,72,72,41,10
2024-03-15,HOSP_001,Medical,41,42,96,79,40,13
2024-03-15,HOSP_001,Surgical,26,29,68,65,29,25
2024-03-15,HOSP_001,Pediatrics,22,15,52,42,23,9
2024-03-16,HOSP_001,Emergency,49,42,72,72,48,5
2024-03-16,HOSP_001,Medical,35,37,96,77,36,6
2024-03-16,HOSP_001,Surgical,19,24,68,60,32,12
2024-03-16,HOSP_001,Pediatrics,21,26,52,37,24,3
2024-03-17,HOSP_001,Emergency,51,46,72,72,40,6
2024-03-17,HOSP_001,Medical,36,36,96,77,40,5
2024-03-17,HOSP_001,Surgical,24,23,68,61,33,15
2024-03-17,HOSP_001,Pediatrics,20,18,52,39,23,6
2024-03-18,HOSP_001,Emergency,51,46,72,72,44,12
2024-03-18,HOSP_001,Medical,37,36,96,78,40,15
2024-03-18,HOSP_001,Surgical,25,17,68,68,32,25
2024-03-18,HOSP_001,Pediatrics,20,17,52,42,28,4
2024-03-19,HOSP_001,Emergency,56,44,72,72,46,11
2024-03-19,HOSP_001,Medical,33,36,96,75,36,16
2024-03-19,HOSP_001,Surgical,26,26,68,68,31,25
2024-03-19,HOSP_001,Pediatrics,20,19,52,43,26,9
2024-03-20,HOSP_001,Emergency,55,43,72,72,43,12
2024-03-20,HOSP_001,Medical,40,36,96,79,35,18
2024-03-20,HOSP_001,Surgical,22,27,68,63,28,28
2024-03-20,HOSP_001,Pediatrics,24,26,52,41,25,10
2024-03-21,HOSP_001,Emergency,53,43,72,72,41,12
2024-03-21,HOSP_001,Medical,42,44,96,77,41,14
2024-03-21,HOSP_001,Surgical,25,25,68,63,31,28
2024-03-21,HOSP_001,Pediatrics,16,29,52,28,23,6
2024-03-22,HOSP_001,Emergency,51,38,72,72,41,10
2024-03-22,HOSP_001,Medical,37,42,96,72,36,13
2024-03-22,HOSP_001,Surgical,21,22,68,62,32,26
2024-03-22,HOSP_001,Pediatrics,21,19,52,30,24,9
2024-03-23,HOSP_001,Emergency,50,43,72,72,45,9
2024-03-23,HOSP_001,Medical,31,30,96,73,38,9
2024-03-23,HOSP_001,Surgical,21,25,68,58,32,14
2024-03-23,HOSP_001,Pediatrics,19,17,52,32,24,2
2024-03-24,HOSP_001,Emergency,62,47,72,72,45,9
2024-03-24,HOSP_001,Medical,41,42,96,72,38,9
2024-03-24,HOSP_001,Surgical,24,20,68,62,31,15
2024-03-24,HOSP_001,Pediatrics,25,15,52,42,23,3
2024-03-25,HOSP_001,Emergency,55,40,72,72,44,10
2024-03-25,HOSP_001,Medical,29,37,96,64,36,20
2024-03-25,HOSP_001,Surgical,24,32,68,54,32,28
2024-03-25,HOSP_001,Pediatrics,21,20,52,43,23,9
2024-03-26,HOSP_001,Emergency,51,42,72,72,43,11
2024-03-26,HOSP_001,Medical,38,32,96,70,35,17
2024-03-26,HOSP_001,Surgical,22,19,68,57,30,26
2024-03-26,HOSP_001,Pediatrics,21,16,52,48,29,5
2024-03-27,HOSP_001,Emergency,48,39,72,72,45,9
2024-03-27,HOSP_001,Medical,41,38,96,73,36,16
2024-03-27,HOSP_001,Surgical,25,24,68,58,36,25
2024-03-27,HOSP_001,Pediatrics,22,20,52,50,25,12
2024-03-28,HOSP_001,Emergency,52,41,72,72,43,12
2024-03-28,HOSP_001,Medical,29,36,96,66,35,17
2024-03-28,HOSP_001,Surgical,22,24,68,56,30,26
2024-03-28,HOSP_001,Pediatrics,20,22,52,48,28,9
2024-03-29,HOSP_001,Emergency,47,37,72,72,43,12
2024-03-29,HOSP_001,Medical,40,34,96,72,38,16
2024-03-29,HOSP_001,Surgical,23,19,68,60,33,26
2024-03-29,HOSP_001,Pediatrics,21,24,52,45,27,10
2024-03-30,HOSP_001,Emergency,56,41,72,72,41,3
2024-03-30,HOSP_001,Medical,31,39,96,64,40,7
2024-03-30,HOSP_001,Surgical,22,23,68,59,29,15
2024-03-30,HOSP_001,Pediatrics,22,25,52,42,22,2
2024-03-31,HOSP_001,Emergency,57,50,72,72,45,6
2024-03-31,HOSP_001,Medical,31,33,96,62,38,9
2024-03-31,HOSP_001,Surgical,22,23,68,58,31,13
2024-03-31,HOSP_001,Pediatrics,23,18,52,47,26,6
2024-04-01,HOSP_001,Emergency,47,47,72,72,44,13
2024-04-01,HOSP_001,Medical,35,36,96,61,36,16
2024-04-01,HOSP_001,Surgical,23,24,68,57,30,26
2024-04-01,HOSP_001,Pediatrics,28,22,52,52,29,10
2024-04-02,HOSP_001,Emergency,41,37,72,72,41,9
2024-04-02,HOSP_001,Medical,37,27,96,71,39,15
2024-04-02,HOSP_001,Surgical,27,27,68,57,31,25
2024-04-02,HOSP_001,Pediatrics,28,27,52,52,31,7
2024-04-03,HOSP_001,Emergency,46,36,72,72,39,8
2024-04-03,HOSP_001,Medical,41,37,96,75,41,14
2024-04-03,HOSP_001,Surgical,21,17,68,61,33,26
2024-04-03,HOSP_001,Pediatrics,25,21,52,52,26,7
2024-04-04,HOSP_001,Emergency,46,39,72,72,47,8
2024-04-04,HOSP_001,Medical,35,39,96,71,38,16
2024-04-04,HOSP_001,Surgical,28,23,68,66,30,24
2024-04-04,HOSP_001,Pediatrics,19,25,52,46,27,12
2024-04-05,HOSP_001,Emergency,45,39,72,72,42,9
2024-04-05,HOSP_001,Medical,37,37,96,71,38,14
2024-04-05,HOSP_001,Surgical,20,33,68,53,30,27
2024-04-05,HOSP_001,Pediatrics,22,19,52,49,27,11
2024-04-06,HOSP_001,Emergency,44,39,72,72,45,8
2024-04-06,HOSP_001,Medical,27,34,96,64,39,10
2024-04-06,HOSP_001,Surgical,17,21,68,49,29,10
2024-04-06,HOSP_001,Pediatrics,23,23,52,49,26,2
2024-04-07,HOSP_001,Emergency,53,46,72,72,44,7
2024-04-07,HOSP_001,Medical,32,33,96,63,36,12
2024-04-07,HOSP_001,Surgical,19,19,68,49,28,13
2024-04-07,HOSP_001,Pediatrics,23,24,52,48,24,6
2024-04-08,HOSP_001,Emergency,48,50,72,70,43,14
2024-04-08,HOSP_001,Medical,41,34,96,70,41,16
2024-04-08,HOSP_001,Surgical,21,17,68,53,28,22
2024-04-08,HOSP_001,Pediatrics,21,26,52,43,26,9
2024-04-09,HOSP_001,Emergency,51,42,72,72,44,11
2024-04-09,HOSP_001,Medical,39,39,96,70,33,14
2024-04-09,HOSP_001,Surgical,22,21,68,54,30,28
2024-04-09,HOSP_001,Pediatrics,24,23,52,44,23,9
2024-04-10,HOSP_001,Emergency,46,38,72,72,43,10
2024-04-10,HOSP_001,Medical,29,38,96,61,33,16
2024-04-10,HOSP_001,Surgical,26,20,68,60,30,26
2024-04-10,HOSP_001,Pediatrics,21,24,52,41,28,8
2024-04-11,HOSP_001,Emergency,50,43,72,72,43,13
2024-04-11,HOSP_001,Medical,30,34,96,57,36,17
2024-04-11,HOSP_001,Surgical,21,21,68,60,30,25
2024-04-11,HOSP_001,Pediatrics,20,20,52,41,26,10
2024-04-12,HOSP_001,Emergency,48,36,72,72,41,10
2024-04-12,HOSP_001,Medical,33,32,96,58,37,14
2024-04-12,HOSP_001,Surgical,22,22,68,60,34,22
2024-04-12,HOSP_001,Pediatrics,23,22,52,42,22,7
2024-04-13,HOSP_001,Emergency,49,46,72,72,44,7
2024-04-13,HOSP_001,Medical,28,28,96,58,35,9
2024-04-13,HOSP_001,Surgical,24,18,68,66,30,16
2024-04-13,HOSP_001,Pediatrics,21,23,52,40,26,3
2024-04-14,HOSP_001,Emergency,59,45,72,72,41,7
2024-04-14,HOSP_001,Medical,28,31,96,55,35,12
2024-04-14,HOSP_001,Surgical,23,28,68,61,33,13
2024-04-14,HOSP_001,Pediatrics,18,22,52,36,24,6
2024-04-15,HOSP_001,Emergency,54,43,72,72,40,10
2024-04-15,HOSP_001,Medical,38,35,96,58,35,14
2024-04-15,HOSP_001,Surgical,29,28,68,62,33,19
2024-04-15,HOSP_001,Pediatrics,17,20,52,33,24,8
2024-04-16,HOSP_001,Emergency,47,42,72,72,44,14
2024-04-16,HOSP_001,Medical,34,33,96,59,36,15
2024-04-16,HOSP_001,Surgical,26,24,68,64,28,26
2024-04-16,HOSP_001,Pediatrics,22,21,52,34,23,12
2024-04-17,HOSP_001,Emergency,52,43,72,72,42,14
2024-04-17,HOSP_001,Medical,29,26,96,62,37,19
2024-04-17,HOSP_001,Surgical,27,25,68,66,34,20
2024-04-17,HOSP_001,Pediatrics,22,18,52,38,24,9
2024-04-18,HOSP_001,Emergency,43,39,72,72,40,9
2024-04-18,HOSP_001,Medical,31,35,96,58,38,17
2024-04-18,HOSP_001,Surgical,25,29,68,62,33,24
2024-04-18,HOSP_001,Pediatrics,18,24,52,32,26,6
2024-04-19,HOSP_001,Emergency,59,51,72,72,45,7
2024-04-19,HOSP_001,Medical,34,32,96,60,32,14
2024-04-19,HOSP_001,Surgical,26,27,68,61,30,26
2024-04-19,HOSP_001,Pediatrics,18,18,52,32,24,8
2024-04-20,HOSP_001,Emergency,49,37,72,72,43,7
2024-04-20,HOSP_001,Medical,29,25,96,64,38,10
2024-04-20,HOSP_001,Surgical,18,21,68,58,31,15
2024-04-20,HOSP_001,Pediatrics,25,14,52,43,26,1
2024-04-21,HOSP_001,Emergency,52,44,72,72,45,4
2024-04-21,HOSP_001,Medical,30,29,96,65,39,8
2024-04-21,HOSP_001,Surgical,18,25,68,51,29,15
2024-04-21,HOSP_001,Pediatrics,20,24,52,39,24,3
2024-04-22,HOSP_001,Emergency,52,41,72,72,44,10
2024-04-22,HOSP_001,Medical,31,36,96,60,37,19
2024-04-22,HOSP_001,Surgical,21,22,68,50,30,21
2024-04-22,HOSP_001,Pediatrics,20,17,52,42,23,10
2024-04-23,HOSP_001,Emergency,48,40,72,72,46,11
2024-04-23,HOSP_001,Medical,32,36,96,56,37,19
2024-04-23,HOSP_001,Surgical,21,19,68,52,31,22
2024-04-23,HOSP_001,Pediatrics,19,15,52,46,26,8
2024-04-24,HOSP_001,Emergency,48,36,72,72,45,10
2024-04-24,HOSP_001,Medical,36,29,96,63,34,13
2024-04-24,HOSP_001,Surgical,23,19,68,56,31,29
2024-04-24,HOSP_001,Pediatrics,18,24,52,40,24,6
2024-04-25,HOSP_001,Emergency,44,39,72,72,43,11
2024-04-25,HOSP_001,Medical,36,35,96,64,39,18
2024-04-25,HOSP_001,Surgical,19,21,68,54,30,22
2024-04-25,HOSP_001,Pediatrics,25,24,52,41,26,11
2024-04-26,HOSP_001,Emergency,43,42,72,72,42,10
2024-04-26,HOSP_001,Medical,31,33,96,62,40,12
2024-04-26,HOSP_001,Surgical,23,19,68,58,31,29
2024-04-26,HOSP_001,Pediatrics,20,24,52,37,26,7
2024-04-27,HOSP_001,Emergency,59,42,72,72,42,6
2024-04-27,HOSP_001,Medical,26,28,96,60,38,9
2024-04-27,HOSP_001,Surgical,22,26,68,54,31,14
2024-04-27,HOSP_001,Pediatrics,19,15,52,41,26,7
2024-04-28,HOSP_001,Emergency,51,44,72,72,46,7
2024-04-28,HOSP_001,Medical,35,29,96,66,36,12
2024-04-28,HOSP_001,Surgical,21,25,68,50,33,12
2024-04-28,HOSP_001,Pediatrics,23,20,52,44,21,6
2024-04-29,HOSP_001,Emergency,45,42,72,72,41,10
2024-04-29,HOSP_001,Medical,42,37,96,71,38,18
2024-04-29,HOSP_001,Surgical,25,22,68,53,32,27
2024-04-29,HOSP_001,Pediatrics,18,19,52,43,25,9
2024-04-30,HOSP_001,Emergency,48,40,72,72,44,12
2024-04-30,HOSP_001,Medical,33,35,96,69,39,18
2024-04-30,HOSP_001,Surgical,26,26,68,53,34,25
2024-04-30,HOSP_001,Pediatrics,22,21,52,44,26,6
2024-05-01,HOSP_001,Emergency,39,36,72,72,40,10
2024-05-01,HOSP_001,Medical,34,35,96,68,36,13
2024-05-01,HOSP_001,Surgical,23,22,68,54,29,26
2024-05-01,HOSP_001,Pediatrics,20,28,52,36,23,6
2024-05-02,HOSP_001,Emergency,47,43,72,72,40,10
2024-05-02,HOSP_001,Medical,34,35,96,67,36,14
2024-05-02,HOSP_001,Surgical,23,22,68,55,27,22
2024-05-02,HOSP_001,Pediatrics,22,18,52,40,26,11
2024-05-03,HOSP_001,Emergency,55,41,72,72,41,6
2024-05-03,HOSP_001,Medical,30,36,96,61,38,16
2024-05-03,HOSP_001,Surgical,24,25,68,54,29,27
2024-05-03,HOSP_001,Pediatrics,19,15,52,44,27,9
2024-05-04,HOSP_001,Emergency,46,43,72,72,40,4
2024-05-04,HOSP_001,Medical,24,30,96,55,37,7
2024-05-04,HOSP_001,Surgical,17,22,68,49,32,13
2024-05-04,HOSP_001,Pediatrics,21,25,52,40,23,6
2024-05-05,HOSP_001,Emergency,55,39,72,72,42,4
2024-05-05,HOSP_001,Medical,28,27,96,56,36,7
2024-05-05,HOSP_001,Surgical,25,17,68,57,32,14
2024-05-05,HOSP_001,Pediatrics,21,24,52,37,23,7
2024-05-06,HOSP_001,Emergency,50,42,72,72,41,8
2024-05-06,HOSP_001,Medical,31,30,96,57,37,15
2024-05-06,HOSP_001,Surgical,24,21,68,60,29,27
2024-05-06,HOSP_001,Pediatrics,24,22,52,39,26,9
2024-05-07,HOSP_001,Emergency,40,35,72,72,42,14
2024-05-07,HOSP_001,Medical,35,29,96,63,38,17
2024-05-07,HOSP_001,Surgical,25,21,68,64,33,23
2024-05-07,HOSP_001,Pediatrics,16,14,52,41,26,6
2024-05-08,HOSP_001,Emergency,48,40,72,72,43,10
2024-05-08,HOSP_001,Medical,34,34,96,63,36,13
2024-05-08,HOSP_001,Surgical,18,24,68,58,32,25
2024-05-08,HOSP_001,Pediatrics,22,20,52,43,25,5
2024-05-09,HOSP_001,Emergency,49,42,72,72,41,11
2024-05-09,HOSP_001,Medical,34,33,96,64,35,14
2024-05-09,HOSP_001,Surgical,25,19,68,64,32,24
2024-05-09,HOSP_001,Pediatrics,16,23,52,36,24,8
2024-05-10,HOSP_001,Emergency,39,42,72,69,39,12
2024-05-10,HOSP_001,Medical,35,32,96,67,35,17
2024-05-10,HOSP_001,Surgical,24,26,68,62,31,25
2024-05-10,HOSP_001,Pediatrics,15,21,52,30,28,6
2024-05-11,HOSP_001,Emergency,54,39,72,72,43,3
2024-05-11,HOSP_001,Medical,26,27,96,66,37,9
2024-05-11,HOSP_001,Surgical,21,20,68,63,32,15
2024-05-11,HOSP_001,Pediatrics,21,18,52,33,24,5
2024-05-12,HOSP_001,Emergency,51,47,72,72,40,7
2024-05-12,HOSP_001,Medical,32,31,96,67,34,10
2024-05-12,HOSP_001,Surgical,20,24,68,59,30,15
2024-05-12,HOSP_001,Pediatrics,17,16,52,34,23,7
2024-05-13,HOSP_001,Emergency,46,42,72,72,40,9
2024-05-13,HOSP_001,Medical,32,33,96,66,36,17
2024-05-13,HOSP_001,Surgical,26,28,68,57,33,23
2024-05-13,HOSP_001,Pediatrics,22,21,52,35,24,6
2024-05-14,HOSP_001,Emergency,44,46,72,70,42,7
2024-05-14,HOSP_001,Medical,28,33,96,61,35,12
2024-05-14,HOSP_001,Surgical,19,21,68,55,29,25
2024-05-14,HOSP_001,Pediatrics,15,16,52,34,24,12
2024-05-15,HOSP_001,Emergency,50,37,72,72,44,11
2024-05-15,HOSP_001,Medical,31,30,96,62,35,14
2024-05-15,HOSP_001,Surgical,22,18,68,59,30,21
2024-05-15,HOSP_001,Pediatrics,21,14,52,41,24,4
2024-05-16,HOSP_001,Emergency,37,38,72,71,41,9
2024-05-16,HOSP_001,Medical,32,34,96,60,38,18
2024-05-16,HOSP_001,Surgical,21,23,68,57,26,24
2024-05-16,HOSP_001,Pediatrics,20,20,52,41,25,5
2024-05-17,HOSP_001,Emergency,50,45,72,72,42,9
2024-05-17,HOSP_001,Medical,28,32,96,56,36,14
2024-05-17,HOSP_001,Surgical,23,23,68,57,30,22
2024-05-17,HOSP_001,Pediatrics,18,17,52,42,25,5
2024-05-18,HOSP_001,Emergency,49,37,72,72,45,6
2024-05-18,HOSP_001,Medical,29,29,96,56,34,10
2024-05-18,HOSP_001,Surgical,19,27,68,49,31,14
2024-05-18,HOSP_001,Pediatrics,18,20,52,40,20,4
2024-05-19,HOSP_001,Emergency,47,42,72,72,42,6
2024-05-19,HOSP_001,Medical,28,32,96,52,34,7
2024-05-19,HOSP_001,Surgical,21,21,68,49,28,13
2024-05-19,HOSP_001,Pediatrics,20,23,52,37,26,2
2024-05-20,HOSP_001,Emergency,44,38,72,72,40,7
2024-05-20,HOSP_001,Medical,34,29,96,57,36,13
2024-05-20,HOSP_001,Surgical,23,20,68,52,27,22
2024-05-20,HOSP_001,Pediatrics,16,13,52,40,24,4
2024-05-21,HOSP_001,Emergency,43,44,72,71,42,9
2024-05-21,HOSP_001,Medical,28,24,96,61,35,12
2024-05-21,HOSP_001,Surgical,19,20,68,51,28,25
2024-05-21,HOSP_001,Pediatrics,20,26,52,34,26,6
2024-05-22,HOSP_001,Emergency,47,45,72,72,44,11
2024-05-22,HOSP_001,Medical,29,31,96,59,37,16
2024-05-22,HOSP_001,Surgical,19,15,68,55,30,22
2024-05-22,HOSP_001,Pediatrics,22,23,52,33,26,6
2024-05-23,HOSP_001,Emergency,42,38,72,72,44,10
2024-05-23,HOSP_001,Medical,30,23,96,66,37,13
2024-05-23,HOSP_001,Surgical,22,22,68,55,30,24
2024-05-23,HOSP_001,Pediatrics,21,16,52,38,22,6
2024-05-24,HOSP_001,Emergency,53,51,72,72,43,12
2024-05-24,HOSP_001,Medical,33,36,96,63,39,16
2024-05-24,HOSP_001,Surgical,18,20,68,53,30,25
2024-05-24,HOSP_001,Pediatrics,22,19,52,41,23,7
2024-05-25,HOSP_001,Emergency,53,44,72,72,40,3
2024-05-25,HOSP_001,Medical,27,27,96,63,37,5
2024-05-25,HOSP_001,Surgical,16,19,68,50,31,11
2024-05-25,HOSP_001,Pediatrics,17,18,52,40,25,4
2024-05-26,HOSP_001,Emergency,42,36,72,72,41,2
2024-05-26,HOSP_001,Medical,26,29,96,60,38,8
2024-05-26,HOSP_001,Surgical,20,22,68,48,29,13
2024-05-26,HOSP_001,Pediatrics,14,18,52,36,27,2
2024-05-27,HOSP_001,Emergency,45,36,72,72,46,10
2024-05-27,HOSP_001,Medical,30,32,96,58,37,12
2024-05-27,HOSP_001,Surgical,22,22,68,48,30,21
2024-05-27,HOSP_001,Pediatrics,15,19,52,32,22,6
2024-05-28,HOSP_001,Emergency,50,40,72,72,43,6
2024-05-28,HOSP_001,Medical,33,32,96,59,39,12
2024-05-28,HOSP_001,Surgical,20,19,68,49,27,23
2024-05-28,HOSP_001,Pediatrics,16,15,52,33,22,7
2024-05-29,HOSP_001,Emergency,47,41,72,72,45,12
2024-05-29,HOSP_001,Medical,32,30,96,61,35,11
2024-05-29,HOSP_001,Surgical,21,23,68,47,25,17
2024-05-29,HOSP_001,Pediatrics,19,17,52,35,24,8
2024-05-30,HOSP_001,Emergency,47,42,72,72,44,8
2024-05-30,HOSP_001,Medical,29,33,96,57,38,12
2024-05-30,HOSP_001,Surgical,24,23,68,48,29,22
2024-05-30,HOSP_001,Pediatrics,17,19,52,33,25,8
2024-05-31,HOSP_001,Emergency,51,46,72,72,44,6
2024-05-31,HOSP_001,Medical,27,37,96,47,30,14
2024-05-31,HOSP_001,Surgical,18,16,68,50,32,23
2024-05-31,HOSP_001,Pediatrics,17,17,52,33,22,7
2024-06-01,HOSP_001,Emergency,50,46,72,72,46,9
2024-06-01,HOSP_001,Medical,26,27,96,46,31,6
2024-06-01,HOSP_001,Surgical,20,18,68,52,28,14
2024-06-01,HOSP_001,Pediatrics,20,16,52,37,25,4
2024-06-02,HOSP_001,Emergency,37,33,72,72,42,7
2024-06-02,HOSP_001,Medical,27,24,96,49,35,5
2024-06-02,HOSP_001,Surgical,16,21,68,47,31,15
2024-06-02,HOSP_001,Pediatrics,18,25,52,30,21,8
2024-06-03,HOSP_001,Emergency,38,40,72,70,42,14
2024-06-03,HOSP_001,Medical,29,28,96,50,33,11
2024-06-03,HOSP_001,Surgical,16,19,68,44,32,21
2024-06-03,HOSP_001,Pediatrics,21,17,52,34,25,8
2024-06-04,HOSP_001,Emergency,36,36,72,70,39,6
2024-06-04,HOSP_001,Medical,26,23,96,53,37,11
2024-06-04,HOSP_001,Surgical,21,15,68,50,29,24
2024-06-04,HOSP_001,Pediatrics,20,14,52,40,24,9
2024-06-05,HOSP_001,Emergency,41,35,72,72,37,8
2024-06-05,HOSP_001,Medical,32,30,96,55,35,14
2024-06-05,HOSP_001,Surgical,20,17,68,53,27,21
2024-06-05,HOSP_001,Pediatrics,17,21,52,36,25,6
2024-06-06,HOSP_001,Emergency,36,36,72,72,44,10
2024-06-06,HOSP_001,Medical,27,30,96,52,32,11
2024-06-06,HOSP_001,Surgical,21,19,68,55,31,24
2024-06-06,HOSP_001,Pediatrics,18,21,52,33,29,5
2024-06-07,HOSP_001,Emergency,43,39,72,72,37,12
2024-06-07,HOSP_001,Medical,29,31,96,50,39,15
2024-06-07,HOSP_001,Surgical,24,24,68,55,32,21
2024-06-07,HOSP_001,Pediatrics,20,16,52,37,25,10
2024-06-08,HOSP_001,Emergency,46,40,72,72,44,7
2024-06-08,HOSP_001,Medical,28,29,96,49,36,5
2024-06-08,HOSP_001,Surgical,17,16,68,56,28,10
2024-06-08,HOSP_001,Pediatrics,21,20,52,38,26,0
2024-06-09,HOSP_001,Emergency,42,38,72,72,41,7
2024-06-09,HOSP_001,Medical,25,22,96,52,34,6
2024-06-09,HOSP_001,Surgical,19,15,68,60,29,12
2024-06-09,HOSP_001,Pediatrics,19,23,52,34,27,6
2024-06-10,HOSP_001,Emergency,40,41,72,71,43,6
2024-06-10,HOSP_001,Medical,30,33,96,49,34,11
2024-06-10,HOSP_001,Surgical,22,20,68,62,33,22
2024-06-10,HOSP_001,Pediatrics,18,16,52,36,25,10
2024-06-11,HOSP_001,Emergency,37,42,72,66,42,6
2024-06-11,HOSP_001,Medical,30,25,96,54,38,14
2024-06-11,HOSP_001,Surgical,18,23,68,57,28,25
2024-06-11,HOSP_001,Pediatrics,16,18,52,34,24,9
2024-06-12,HOSP_001,Emergency,44,39,72,71,40,8
2024-06-12,HOSP_001,Medical,30,32,96,52,34,16
2024-06-12,HOSP_001,Surgical,15,20,68,52,31,22
2024-06-12,HOSP_001,Pediatrics,16,15,52,35,25,11
2024-06-13,HOSP_001,Emergency,36,36,72,71,43,7
2024-06-13,HOSP_001,Medical,31,26,96,57,37,16
2024-06-13,HOSP_001,Surgical,24,23,68,53,34,22
2024-06-13,HOSP_001,Pediatrics,17,21,52,31,22,9
2024-06-14,HOSP_001,Emergency,38,37,72,72,45,12
2024-06-14,HOSP_001,Medical,27,29,96,55,34,14
2024-06-14,HOSP_001,Surgical,21,19,68,55,31,23
2024-06-14,HOSP_001,Pediatrics,22,16,52,37,29,8
2024-06-15,HOSP_001,Emergency,44,40,72,72,42,5
2024-06-15,HOSP_001,Medical,23,24,96,54,34,11
2024-06-15,HOSP_001,Surgical,19,26,68,48,26,16
2024-06-15,HOSP_001,Pediatrics,19,22,52,34,20,1
2024-06-16,HOSP_001,Emergency,47,42,72,72,39,4
2024-06-16,HOSP_001,Medical,27,32,96,49,36,6
2024-06-16,HOSP_001,Surgical,17,20,68,45,34,11
2024-06-16,HOSP_001,Pediatrics,17,15,52,36,23,5
2024-06-17,HOSP_001,Emergency,35,33,72,72,40,6
2024-06-17,HOSP_001,Medical,31,21,96,59,40,13
2024-06-17,HOSP_001,Surgical,17,23,68,39,30,20
2024-06-17,HOSP_001,Pediatrics,19,19,52,36,23,6
2024-06-18,HOSP_001,Emergency,44,38,72,72,42,15
2024-06-18,HOSP_001,Medical,27,25,96,61,36,10
2024-06-18,HOSP_001,Surgical,18,17,68,40,30,21
2024-06-18,HOSP_001,Pediatrics,17,20,52,33,29,6
2024-06-19,HOSP_001,Emergency,42,41,72,72,41,12
2024-06-19,HOSP_001,Medical,33,34,96,60,38,12
2024-06-19,HOSP_001,Surgical,19,21,68,38,29,21
2024-06-19,HOSP_001,Pediatrics,17,24,52,26,20,7
2024-06-20,HOSP_001,Emergency,37,38,72,71,41,5
2024-06-20,HOSP_001,Medical,35,34,96,61,34,14
2024-06-20,HOSP_001,Surgical,17,16,68,39,26,20
2024-06-20,HOSP_001,Pediatrics,18,19,52,25,23,7
2024-06-21,HOSP_001,Emergency,50,43,72,72,42,9
2024-06-21,HOSP_001,Medical,34,36,96,59,40,19
2024-06-21,HOSP_001,Surgical,18,19,68,38,25,23
2024-06-21,HOSP_001,Pediatrics,19,9,52,35,29,8
2024-06-22,HOSP_001,Emergency,42,42,72,72,44,7
2024-06-22,HOSP_001,Medical,29,33,96,55,34,10
2024-06-22,HOSP_001,Surgical,19,18,68,39,32,12
2024-06-22,HOSP_001,Pediatrics,20,21,52,34,23,2
2024-06-23,HOSP_001,Emergency,46,42,72,72,42,4
2024-06-23,HOSP_001,Medical,27,23,96,59,36,7
2024-06-23,HOSP_001,Surgical,18,18,68,39,31,14
2024-06-23,HOSP_001,Pediatrics,18,19,52,33,24,7
2024-06-24,HOSP_001,Emergency,46,41,72,72,42,7
2024-06-24,HOSP_001,Medical,27,26,96,60,35,9
2024-06-24,HOSP_001,Surgical,21,14,68,46,31,23
2024-06-24,HOSP_001,Pediatrics,13,16,52,30,22,7
2024-06-25,HOSP_001,Emergency,39,36,72,72,41,12
2024-06-25,HOSP_001,Medical,29,35,96,54,37,12
2024-06-25,HOSP_001,Surgical,25,19,68,52,30,21
2024-06-25,HOSP_001,Pediatrics,19,16,52,33,29,9
2024-06-26,HOSP_001,Emergency,40,43,72,69,43,9
2024-06-26,HOSP_001,Medical,26,32,96,48,37,13
2024-06-26,HOSP_001,Surgical,20,24,68,48,31,19
2024-06-26,HOSP_001,Pediatrics,18,17,52,34,28,8
2024-06-27,HOSP_001,Emergency,35,35,72,69,42,10
2024-06-27,HOSP_001,Medical,33,25,96,56,37,15
2024-06-27,HOSP_001,Surgical,22,20,68,50,28,22
2024-06-27,HOSP_001,Pediatrics,17,19,52,32,22,10
2024-06-28,HOSP_001,Emergency,39,30,72,72,44,6
2024-06-28,HOSP_001,Medical,33,31,96,58,33,11
2024-06-28,HOSP_001,Surgical,20,23,68,47,32,25
2024-06-28,HOSP_001,Pediatrics,18,17,52,33,23,5
2024-06-29,HOSP_001,Emergency,43,42,72,72,42,4
2024-06-29,HOSP_001,Medical,22,32,96,48,33,9
2024-06-29,HOSP_001,Surgical,17,20,68,44,30,11
2024-06-29,HOSP_001,Pediatrics,19,20,52,32,28,7
2024-06-30,HOSP_001,Emergency,43,38,72,72,39,4
2024-06-30,HOSP_001,Medical,26,26,96,48,36,8
2024-06-30,HOSP_001,Surgical,21,19,68,46,27,14
2024-06-30,HOSP_001,Pediatrics,20,20,52,32,25,3
2024-07-01,HOSP_001,Emergency,40,42,72,70,42,10
2024-07-01,HOSP_001,Medical,34,27,96,55,34,13
2024-07-01,HOSP_001,Surgical,24,20,68,50,31,20
2024-07-01,HOSP_001,Pediatrics,15,15,52,32,24,11
2024-07-02,HOSP_001,Emergency,38,38,72,70,44,7
2024-07-02,HOSP_001,Medical,33,28,96,60,34,15
2024-07-02,HOSP_001,Surgical,19,18,68,51,30,21
2024-07-02,HOSP_001,Pediatrics,19,20,52,31,26,10
2024-07-03,HOSP_001,Emergency,46,35,72,72,44,10
2024-07-03,HOSP_001,Medical,25,30,96,55,36,11
2024-07-03,HOSP_001,Surgical,21,28,68,44,31,25
2024-07-03,HOSP_001,Pediatrics,17,17,52,31,24,9
2024-07-04,HOSP_001,Emergency,44,40,72,72,46,6
2024-07-04,HOSP_001,Medical,27,28,96,54,34,11
2024-07-04,HOSP_001,Surgical,18,17,68,45,32,26
2024-07-04,HOSP_001,Pediatrics,19,13,52,37,26,9
2024-07-05,HOSP_001,Emergency,37,39,72,70,41,11
2024-07-05,HOSP_001,Medical,35,31,96,58,38,13
2024-07-05,HOSP_001,Surgical,19,20,68,44,31,21
2024-07-05,HOSP_001,Pediatrics,17,19,52,35,24,6
2024-07-06,HOSP_001,Emergency,56,42,72,72,45,5
2024-07-06,HOSP_001,Medical,27,32,96,53,34,8
2024-07-06,HOSP_001,Surgical,13,19,68,38,28,13
2024-07-06,HOSP_001,Pediatrics,19,16,52,38,23,0
2024-07-07,HOSP_001,Emergency,39,38,72,72,45,8
2024-07-07,HOSP_001,Medical,29,31,96,51,31,7
2024-07-07,HOSP_001,Surgical,13,17,68,34,29,11
2024-07-07,HOSP_001,Pediatrics,20,15,52,43,27,4
2024-07-08,HOSP_001,Emergency,39,38,72,72,45,8
2024-07-08,HOSP_001,Medical,27,24,96,54,35,10
2024-07-08,HOSP_001,Surgical,19,15,68,38,33,20
2024-07-08,HOSP_001,Pediatrics,14,22,52,35,26,9
2024-07-09,HOSP_001,Emergency,42,35,72,72,43,10
2024-07-09,HOSP_001,Medical,28,33,96,49,34,13
2024-07-09,HOSP_001,Surgical,19,14,68,43,31,21
2024-07-09,HOSP_001,Pediatrics,13,11,52,37,25,10
2024-07-10,HOSP_001,Emergency,41,36,72,72,38,11
2024-07-10,HOSP_001,Medical,30,25,96,54,34,17
2024-07-10,HOSP_001,Surgical,20,21,68,42,27,23
2024-07-10,HOSP_001,Pediatrics,15,11,52,41,23,7
2024-07-11,HOSP_001,Emergency,35,40,72,67,40,7
2024-07-11,HOSP_001,Medical,31,33,96,52,34,10
2024-07-11,HOSP_001,Surgical,21,16,68,47,27,21
2024-07-11,HOSP_001,Pediatrics,17,20,52,38,25,7
2024-07-12,HOSP_001,Emergency,37,39,72,65,42,8
2024-07-12,HOSP_001,Medical,34,29,96,57,33,14
2024-07-12,HOSP_001,Surgical,20,14,68,53,29,24
2024-07-12,HOSP_001,Pediatrics,15,19,52,34,24,8
2024-07-13,HOSP_001,Emergency,44,38,72,71,38,4
2024-07-13,HOSP_001,Medical,28,28,96,57,35,8
2024-07-13,HOSP_001,Surgical,16,21,68,48,28,12
2024-07-13,HOSP_001,Pediatrics,20,20,52,34,29,3
2024-07-14,HOSP_001,Emergency,44,39,72,72,42,5
2024-07-14,HOSP_001,Medical,29,25,96,61,36,5
2024-07-14,HOSP_001,Surgical,19,21,68,46,29,15
2024-07-14,HOSP_001,Pediatrics,16,14,52,36,27,2
2024-07-15,HOSP_001,Emergency,38,35,72,72,42,9
2024-07-15,HOSP_001,Medical,33,28,96,66,36,11
2024-07-15,HOSP_001,Surgical,17,16,68,47,30,23
2024-07-15,HOSP_001,Pediatrics,19,19,52,36,23,5
2024-07-16,HOSP_001,Emergency,41,42,72,71,43,7
2024-07-16,HOSP_001,Medical,30,29,96,67,36,12
2024-07-16,HOSP_001,Surgical,19,20,68,46,29,21
2024-07-16,HOSP_001,Pediatrics,12,17,52,31,25,4
2024-07-17,HOSP_001,Emergency,40,39,72,72,42,8
2024-07-17,HOSP_001,Medical,32,35,96,64,36,14
2024-07-17,HOSP_001,Surgical,17,16,68,47,28,19
2024-07-17,HOSP_001,Pediatrics,16,13,52,34,29,7
2024-07-18,HOSP_001,Emergency,38,35,72,72,42,2
2024-07-18,HOSP_001,Medical,27,31,96,60,37,13
2024-07-18,HOSP_001,Surgical,19,14,68,52,32,21
2024-07-18,HOSP_001,Pediatrics,19,16,52,37,27,7
2024-07-19,HOSP_001,Emergency,42,37,72,72,43,10
2024-07-19,HOSP_001,Medical,27,32,96,55,40,14
2024-07-19,HOSP_001,Surgical,21,16,68,57,32,21
2024-07-19,HOSP_001,Pediatrics,22,18,52,41,25,4
2024-07-20,HOSP_001,Emergency,38,38,72,72,43,4
2024-07-20,HOSP_001,Medical,27,32,96,50,37,5
2024-07-20,HOSP_001,Surgical,16,19,68,54,31,12
2024-07-20,HOSP_001,Pediatrics,18,20,52,39,29,2
2024-07-21,HOSP_001,Emergency,46,38,72,72,38,5
2024-07-21,HOSP_001,Medical,25,26,96,49,38,6
2024-07-21,HOSP_001,Surgical,17,19,68,52,29,11
2024-07-21,HOSP_001,Pediatrics,18,22,52,35,24,2
2024-07-22,HOSP_001,Emergency,36,34,72,72,42,9
2024-07-22,HOSP_001,Medical,29,29,96,49,36,14
2024-07-22,HOSP_001,Surgical,18,21,68,49,30,21
2024-07-22,HOSP_001,Pediatrics,13,16,52,32,25,4
2024-07-23,HOSP_001,Emergency,38,38,72,72,45,12
2024-07-23,HOSP_001,Medical,31,24,96,56,38,14
2024-07-23,HOSP_001,Surgical,16,17,68,48,33,22
2024-07-23,HOSP_001,Pediatrics,16,14,52,34,25,5
2024-07-24,HOSP_001,Emergency,40,36,72,72,42,8
2024-07-24,HOSP_001,Medical,24,33,96,47,33,13
2024-07-24,HOSP_001,Surgical,21,24,68,45,33,25
2024-07-24,HOSP_001,Pediatrics,20,15,52,39,27,6
2024-07-25,HOSP_001,Emergency,44,38,72,72,41,9
2024-07-25,HOSP_001,Medical,28,21,96,54,32,11
2024-07-25,HOSP_001,Surgical,24,16,68,53,30,24
2024-07-25,HOSP_001,Pediatrics,22,21,52,40,22,8
2024-07-26,HOSP_001,Emergency,48,39,72,72,43,10
2024-07-26,HOSP_001,Medical,37,32,96,59,38,14
2024-07-26,HOSP_001,Surgical,23,19,68,57,31,22
2024-07-26,HOSP_001,Pediatrics,18,15,52,43,24,10
2024-07-27,HOSP_001,Emergency,37,36,72,72,39,5
2024-07-27,HOSP_001,Medical,31,33,96,57,37,7
2024-07-27,HOSP_001,Surgical,21,21,68,57,34,15
2024-07-27,HOSP_001,Pediatrics,19,27,52,35,23,1
2024-07-28,HOSP_001,Emergency,42,39,72,72,41,4
2024-07-28,HOSP_001,Medical,27,25,96,59,33,6
2024-07-28,HOSP_001,Surgical,19,21,68,55,30,7
2024-07-28,HOSP_001,Pediatrics,21,23,52,33,25,3
2024-07-29,HOSP_001,Emergency,41,36,72,72,39,6
2024-07-29,HOSP_001,Medical,32,32,96,59,35,17
2024-07-29,HOSP_001,Surgical,22,14,68,63,33,23
2024-07-29,HOSP_001,Pediatrics,18,12,52,39,25,5
2024-07-30,HOSP_001,Emergency,41,39,72,72,42,10
2024-07-30,HOSP_001,Medical,29,26,96,62,38,14
2024-07-30,HOSP_001,Surgical,20,21,68,62,31,23
2024-07-30,HOSP_001,Pediatrics,16,21,52,34,21,10
2024-07-31,HOSP_001,Emergency,46,40,72,72,45,9
2024-07-31,HOSP_001,Medical,32,33,96,61,36,10
2024-07-31,HOSP_001,Surgical,16,20,68,58,30,22
2024-07-31,HOSP_001,Pediatrics,17,15,52,36,24,3
2024-08-01,HOSP_001,Emergency,44,37,72,72,43,11
2024-08-01,HOSP_001,Medical,31,30,96,62,38,13
2024-08-01,HOSP_001,Surgical,22,14,68,66,33,22
2024-08-01,HOSP_001,Pediatrics,18,16,52,38,24,7
2024-08-02,HOSP_001,Emergency,38,35,72,72,42,10
2024-08-02,HOSP_001,Medical,28,27,96,63,36,11
2024-08-02,HOSP_001,Surgical,25,29,68,62,33,20
2024-08-02,HOSP_001,Pediatrics,15,17,52,36,28,6
2024-08-03,HOSP_001,Emergency,47,41,72,72,41,2
2024-08-03,HOSP_001,Medical,29,25,96,67,34,10
2024-08-03,HOSP_001,Surgical,21,20,68,63,28,11
2024-08-03,HOSP_001,Pediatrics,18,14,52,40,25,3
2024-08-04,HOSP_001,Emergency,47,38,72,72,45,6
2024-08-04,HOSP_001,Medical,26,34,96,59,33,8
2024-08-04,HOSP_001,Surgical,21,28,68,56,31,12
2024-08-04,HOSP_001,Pediatrics,15,16,52,39,24,7
2024-08-05,HOSP_001,Emergency,32,35,72,69,39,7
2024-08-05,HOSP_001,Medical,31,33,96,57,35,11
2024-08-05,HOSP_001,Surgical,20,20,68,56,30,25
2024-08-05,HOSP_001,Pediatrics,18,21,52,36,25,7
2024-08-06,HOSP_001,Emergency,47,36,72,72,39,10
2024-08-06,HOSP_001,Medical,32,30,96,59,38,10
2024-08-06,HOSP_001,Surgical,25,24,68,57,26,23
2024-08-06,HOSP_001,Pediatrics,16,14,52,38,26,7
2024-08-07,HOSP_001,Emergency,37,40,72,69,40,11
2024-08-07,HOSP_001,Medical,28,25,96,62,33,11
2024-08-07,HOSP_001,Surgical,17,23,68,51,31,23
2024-08-07,HOSP_001,Pediatrics,20,24,52,34,25,6
2024-08-08,HOSP_001,Emergency,43,33,72,72,42,9
2024-08-08,HOSP_001,Medical,32,31,96,63,36,12
2024-08-08,HOSP_001,Surgical,20,22,68,49,33,24
2024-08-08,HOSP_001,Pediatrics,21,19,52,36,27,9
2024-08-09,HOSP_001,Emergency,41,47,72,66,45,8
2024-08-09,HOSP_001,Medical,35,35,96,63,35,15
2024-08-09,HOSP_001,Surgical,17,15,68,51,32,22
2024-08-09,HOSP_001,Pediatrics,18,13,52,41,27,9
2024-08-10,HOSP_001,Emergency,43,34,72,72,44,2
2024-08-10,HOSP_001,Medical,27,28,96,62,37,7
2024-08-10,HOSP_001,Surgical,20,20,68,51,31,10
2024-08-10,HOSP_001,Pediatrics,18,21,52,38,27,4
2024-08-11,HOSP_001,Emergency,41,38,72,72,45,4
2024-08-11,HOSP_001,Medical,26,30,96,58,39,6
2024-08-11,HOSP_001,Surgical,19,18,68,52,34,11
2024-08-11,HOSP_001,Pediatrics,16,21,52,33,25,7
2024-08-12,HOSP_001,Emergency,41,37,72,72,42,6
2024-08-12,HOSP_001,Medical,27,30,96,55,36,14
2024-08-12,HOSP_001,Surgical,18,25,68,45,30,21
2024-08-12,HOSP_001,Pediatrics,19,17,52,35,25,7
2024-08-13,HOSP_001,Emergency,41,37,72,72,37,11
2024-08-13,HOSP_001,Medical,33,33,96,55,39,12
2024-08-13,HOSP_001,Surgical,19,22,68,42,32,24
2024-08-13,HOSP_001,Pediatrics,15,16,52,34,21,2
2024-08-14,HOSP_001,Emergency,41,38,72,72,43,11
2024-08-14,HOSP_001,Medical,30,26,96,59,42,12
2024-08-14,HOSP_001,Surgical,21,16,68,47,32,22
2024-08-14,HOSP_001,Pediatrics,19,20,52,33,22,4
2024-08-15,HOSP_001,Emergency,40,41,72,71,43,5
2024-08-15,HOSP_001,Medical,25,30,96,54,35,12
2024-08-15,HOSP_001,Surgical,22,23,68,46,29,21
2024-08-15,HOSP_001,Pediatrics,20,16,52,37,28,6
2024-08-16,HOSP_001,Emergency,51,38,72,72,42,9
2024-08-16,HOSP_001,Medical,34,28,96,60,38,12
2024-08-16,HOSP_001,Surgical,22,14,68,54,32,24
2024-08-16,HOSP_001,Pediatrics,18,16,52,39,23,9
2024-08-17,HOSP_001,Emergency,53,40,72,72,39,9
2024-08-17,HOSP_001,Medical,24,29,96,55,33,4
2024-08-17,HOSP_001,Surgical,22,20,68,56,32,14
2024-08-17,HOSP_001,Pediatrics,18,21,52,36,22,4
2024-08-18,HOSP_001,Emergency,43,41,72,72,45,1
2024-08-18,HOSP_001,Medical,33,27,96,61,35,9
2024-08-18,HOSP_001,Surgical,15,26,68,45,31,12
2024-08-18,HOSP_001,Pediatrics,22,21,52,37,25,5
2024-08-19,HOSP_001,Emergency,41,34,72,72,44,9
2024-08-19,HOSP_001,Medical,30,30,96,61,37,12
2024-08-19,HOSP_001,Surgical,21,16,68,50,30,24
2024-08-19,HOSP_001,Pediatrics,16,17,52,36,22,9
2024-08-20,HOSP_001,Emergency,47,40,72,72,42,7
2024-08-20,HOSP_001,Medical,35,30,96,66,39,13
2024-08-20,HOSP_001,Surgical,25,23,68,52,29,26
2024-08-20,HOSP_001,Pediatrics,12,18,52,30,23,11
2024-08-21,HOSP_001,Emergency,41,42,72,71,40,9
2024-08-21,HOSP_001,Medical,24,32,96,58,34,11
2024-08-21,HOSP_001,Surgical,20,22,68,50,30,20
2024-08-21,HOSP_001,Pediatrics,14,15,52,29,23,5
2024-08-22,HOSP_001,Emergency,38,37,72,72,39,10
2024-08-22,HOSP_001,Medical,24,25,96,57,37,13
2024-08-22,HOSP_001,Surgical,18,14,68,54,32,23
2024-08-22,HOSP_001,Pediatrics,14,22,52,21,23,6
2024-08-23,HOSP_001,Emergency,37,37,72,72,45,8
2024-08-23,HOSP_001,Medical,28,31,96,54,33,13
2024-08-23,HOSP_001,Surgical,21,24,68,51,32,23
2024-08-23,HOSP_001,Pediatrics,18,13,52,26,28,9
2024-08-24,HOSP_001,Emergency,52,44,72,72,45,3
2024-08-24,HOSP_001,Medical,31,32,96,53,33,10
2024-08-24,HOSP_001,Surgical,19,17,68,53,30,8
2024-08-24,HOSP_001,Pediatrics,19,16,52,29,25,6
2024-08-25,HOSP_001,Emergency,46,41,72,72,43,6
2024-08-25,HOSP_001,Medical,24,26,96,51,34,8
2024-08-25,HOSP_001,Surgical,20,19,68,54,28,11
2024-08-25,HOSP_001,Pediatrics,20,19,52,30,24,7
2024-08-26,HOSP_001,Emergency,45,39,72,72,41,6
2024-08-26,HOSP_001,Medical,34,26,96,59,35,14
2024-08-26,HOSP_001,Surgical,19,18,68,55,29,23
2024-08-26,HOSP_001,Pediatrics,16,16,52,30,26,4
2024-08-27,HOSP_001,Emergency,44,43,72,72,44,6
2024-08-27,HOSP_001,Medical,29,28,96,60,37,13
2024-08-27,HOSP_001,Surgical,23,16,68,62,31,23
2024-08-27,HOSP_001,Pediatrics,19,19,52,30,24,5
2024-08-28,HOSP_001,Emergency,42,36,72,72,39,6
2024-08-28,HOSP_001,Medical,26,28,96,58,35,12
2024-08-28,HOSP_001,Surgical,21,19,68,64,29,25
2024-08-28,HOSP_001,Pediatrics,22,24,52,28,26,7
2024-08-29,HOSP_001,Emergency,44,40,72,72,44,11
2024-08-29,HOSP_001,Medical,34,30,96,62,36,12
2024-08-29,HOSP_001,Surgical,20,27,68,57,30,18
2024-08-29,HOSP_001,Pediatrics,18,17,52,29,26,9
2024-08-30,HOSP_001,Emergency,39,36,72,72,44,8
2024-08-30,HOSP_001,Medical,40,35,96,67,38,14
2024-08-30,HOSP_001,Surgical,23,21,68,59,32,20
2024-08-30,HOSP_001,Pediatrics,20,14,52,35,29,8
2024-08-31,HOSP_001,Emergency,46,40,72,72,45,6
2024-08-31,HOSP_001,Medical,28,35,96,60,36,8
2024-08-31,HOSP_001,Surgical,17,19,68,57,28,13
2024-08-31,HOSP_001,Pediatrics,20,12,52,43,26,3
2024-09-01,HOSP_001,Emergency,43,39,72,72,47,5
2024-09-01,HOSP_001,Medical,29,30,96,59,35,9
2024-09-01,HOSP_001,Surgical,17,21,68,53,29,13
2024-09-01,HOSP_001,Pediatrics,15,19,52,39,23,5
2024-09-02,HOSP_001,Emergency,40,37,72,72,42,13
2024-09-02,HOSP_001,Medical,30,30,96,59,35,10
2024-09-02,HOSP_001,Surgical,21,20,68,54,32,22
2024-09-02,HOSP_001,Pediatrics,18,17,52,40,22,10
2024-09-03,HOSP_001,Emergency,42,40,72,72,43,6
2024-09-03,HOSP_001,Medical,31,30,96,60,38,15
2024-09-03,HOSP_001,Surgical,21,21,68,54,27,19
2024-09-03,HOSP_001,Pediatrics,19,20,52,39,22,4
2024-09-04,HOSP_001,Emergency,47,43,72,72,47,12
2024-09-04,HOSP_001,Medical,30,30,96,60,37,13
2024-09-04,HOSP_001,Surgical,21,24,68,51,30,22
2024-09-04,HOSP_001,Pediatrics,19,20,52,38,27,6
2024-09-05,HOSP_001,Emergency,48,39,72,72,40,5
2024-09-05,HOSP_001,Medical,32,31,96,61,36,10
2024-09-05,HOSP_001,Surgical,21,22,68,50,30,25
2024-09-05,HOSP_001,Pediatrics,18,25,52,31,20,8
2024-09-06,HOSP_001,Emergency,41,42,72,71,42,10
2024-09-06,HOSP_001,Medical,32,35,96,58,34,14
2024-09-06,HOSP_001,Surgical,26,16,68,60,33,24
2024-09-06,HOSP_001,Pediatrics,18,18,52,31,25,5
2024-09-07,HOSP_001,Emergency,43,33,72,72,41,7
2024-09-07,HOSP_001,Medical,29,25,96,62,37,6
2024-09-07,HOSP_001,Surgical,17,29,68,48,27,12
2024-09-07,HOSP_001,Pediatrics,19,17,52,33,27,4
2024-09-08,HOSP_001,Emergency,43,40,72,72,41,5
2024-09-08,HOSP_001,Medical,25,33,96,54,36,8
2024-09-08,HOSP_001,Surgical,17,18,68,47,30,11
2024-09-08,HOSP_001,Pediatrics,17,15,52,35,21,5
2024-09-09,HOSP_001,Emergency,50,45,72,72,41,9
2024-09-09,HOSP_001,Medical,31,28,96,57,36,14
2024-09-09,HOSP_001,Surgical,20,19,68,48,29,22
2024-09-09,HOSP_001,Pediatrics,21,16,52,40,25,10
2024-09-10,HOSP_001,Emergency,42,39,72,72,44,8
2024-09-10,HOSP_001,Medical,28,27,96,58,35,16
2024-09-10,HOSP_001,Surgical,24,22,68,50,30,20
2024-09-10,HOSP_001,Pediatrics,16,17,52,39,26,6
2024-09-11,HOSP_001,Emergency,39,36,72,72,43,8
2024-09-11,HOSP_001,Medical,28,30,96,56,36,17
2024-09-11,HOSP_001,Surgical,19,22,68,47,33,21
2024-09-11,HOSP_001,Pediatrics,20,26,52,33,20,7
2024-09-12,HOSP_001,Emergency,51,44,72,72,41,10
2024-09-12,HOSP_001,Medical,31,32,96,55,33,17
2024-09-12,HOSP_001,Surgical,23,19,68,51,32,21
2024-09-12,HOSP_001,Pediatrics,18,16,52,35,21,6
2024-09-13,HOSP_001,Emergency,41,41,72,72,40,8
2024-09-13,HOSP_001,Medical,29,24,96,60,40,14
2024-09-13,HOSP_001,Surgical,22,17,68,56,32,23
2024-09-13,HOSP_001,Pediatrics,20,17,52,38,23,14
2024-09-14,HOSP_001,Emergency,43,43,72,72,44,7
2024-09-14,HOSP_001,Medical,29,35,96,54,36,8
2024-09-14,HOSP_001,Surgical,18,21,68,53,27,13
2024-09-14,HOSP_001,Pediatrics,18,19,52,37,27,5
2024-09-15,HOSP_001,Emergency,48,37,72,72,43,7
2024-09-15,HOSP_001,Medical,25,28,96,51,35,4
2024-09-15,HOSP_001,Surgical,23,20,68,56,32,15
2024-09-15,HOSP_001,Pediatrics,19,23,52,33,27,6
2024-09-16,HOSP_001,Emergency,37,37,72,72,43,12
2024-09-16,HOSP_001,Medical,31,32,96,50,36,12
2024-09-16,HOSP_001,Surgical,22,22,68,56,32,24
2024-09-16,HOSP_001,Pediatrics,17,22,52,28,23,8
2024-09-17,HOSP_001,Emergency,44,37,72,72,42,8
2024-09-17,HOSP_001,Medical,28,24,96,54,39,13
2024-09-17,HOSP_001,Surgical,18,24,68,50,32,21
2024-09-17,HOSP_001,Pediatrics,14,14,52,28,25,8
2024-09-18,HOSP_001,Emergency,52,38,72,72,41,10
2024-09-18,HOSP_001,Medical,35,28,96,61,36,12
2024-09-18,HOSP_001,Surgical,22,18,68,54,31,23
2024-09-18,HOSP_001,Pediatrics,17,18,52,27,21,6
2024-09-19,HOSP_001,Emergency,47,43,72,72,42,9
2024-09-19,HOSP_001,Medical,34,28,96,67,36,14
2024-09-19,HOSP_001,Surgical,22,24,68,52,33,22
2024-09-19,HOSP_001,Pediatrics,18,14,52,31,25,7
2024-09-20,HOSP_001,Emergency,48,42,72,72,43,10
2024-09-20,HOSP_001,Medical,27,36,96,58,36,16
2024-09-20,HOSP_001,Surgical,19,19,68,52,28,25
2024-09-20,HOSP_001,Pediatrics,22,20,52,33,27,5
2024-09-21,HOSP_001,Emergency,49,40,72,72,40,9
2024-09-21,HOSP_001,Medical,28,33,96,53,37,11
2024-09-21,HOSP_001,Surgical,20,23,68,49,30,12
2024-09-21,HOSP_001,Pediatrics,18,25,52,26,25,3
2024-09-22,HOSP_001,Emergency,52,44,72,72,45,3
2024-09-22,HOSP_001,Medical,30,26,96,57,32,7
2024-09-22,HOSP_001,Surgical,19,15,68,53,28,13
2024-09-22,HOSP_001,Pediatrics,21,16,52,31,27,2
2024-09-23,HOSP_001,Emergency,46,43,72,72,41,10
2024-09-23,HOSP_001,Medical,34,31,96,60,36,13
2024-09-23,HOSP_001,Surgical,22,22,68,53,29,25
2024-09-23,HOSP_001,Pediatrics,16,21,52,26,23,7
2024-09-24,HOSP_001,Emergency,46,39,72,72,40,11
2024-09-24,HOSP_001,Medical,31,28,96,63,39,17
2024-09-24,HOSP_001,Surgical,23,19,68,57,28,23
2024-09-24,HOSP_001,Pediatrics,22,16,52,32,23,10
2024-09-25,HOSP_001,Emergency,53,43,72,72,43,10
2024-09-25,HOSP_001,Medical,32,37,96,58,34,11
2024-09-25,HOSP_001,Surgical,20,17,68,60,26,20
2024-09-25,HOSP_001,Pediatrics,18,14,52,36,28,7
2024-09-26,HOSP_001,Emergency,50,45,72,72,40,7
2024-09-26,HOSP_001,Medical,39,36,96,61,37,13
2024-09-26,HOSP_001,Surgical,23,25,68,58,34,26
2024-09-26,HOSP_001,Pediatrics,20,17,52,39,25,9
2024-09-27,HOSP_001,Emergency,44,41,72,72,44,11
2024-09-27,HOSP_001,Medical,37,38,96,60,38,11
2024-09-27,HOSP_001,Surgical,20,21,68,57,30,26
2024-09-27,HOSP_001,Pediatrics,22,22,52,39,26,7
2024-09-28,HOSP_001,Emergency,47,41,72,72,42,4
2024-09-28,HOSP_001,Medical,28,35,96,53,39,11
2024-09-28,HOSP_001,Surgical,21,20,68,58,34,10
2024-09-28,HOSP_001,Pediatrics,21,18,52,42,22,6
2024-09-29,HOSP_001,Emergency,43,38,72,72,41,4
2024-09-29,HOSP_001,Medical,25,30,96,48,35,10
2024-09-29,HOSP_001,Surgical,21,21,68,58,29,15
2024-09-29,HOSP_001,Pediatrics,21,22,52,41,23,1
2024-09-30,HOSP_001,Emergency,49,44,72,72,44,10
2024-09-30,HOSP_001,Medical,31,28,96,51,35,14
2024-09-30,HOSP_001,Surgical,19,23,68,54,30,25
2024-09-30,HOSP_001,Pediatrics,20,24,52,37,25,7
2024-10-01,HOSP_001,Emergency,48,41,72,72,42,10
2024-10-01,HOSP_001,Medical,37,31,96,57,35,15
2024-10-01,HOSP_001,Surgical,24,23,68,55,33,22
2024-10-01,HOSP_001,Pediatrics,14,16,52,35,24,12
2024-10-02,HOSP_001,Emergency,41,40,72,72,44,9
2024-10-02,HOSP_001,Medical,39,35,96,61,33,13
2024-10-02,HOSP_001,Surgical,19,22,68,52,30,23
2024-10-02,HOSP_001,Pediatrics,16,19,52,32,26,8
2024-10-03,HOSP_001,Emergency,45,41,72,72,42,10
2024-10-03,HOSP_001,Medical,36,28,96,69,38,13
2024-10-03,HOSP_001,Surgical,25,18,68,59,34,25
2024-10-03,HOSP_001,Pediatrics,18,16,52,34,25,10
2024-10-04,HOSP_001,Emergency,39,39,72,72,41,9
2024-10-04,HOSP_001,Medical,33,34,96,68,39,13
2024-10-04,HOSP_001,Surgical,20,23,68,56,30,23
2024-10-04,HOSP_001,Pediatrics,15,9,52,40,24,6
2024-10-05,HOSP_001,Emergency,44,40,72,72,47,7
2024-10-05,HOSP_001,Medical,27,30,96,65,37,8
2024-10-05,HOSP_001,Surgical,19,21,68,54,29,14
2024-10-05,HOSP_001,Pediatrics,19,22,52,37,27,4
2024-10-06,HOSP_001,Emergency,46,42,72,72,42,6
2024-10-06,HOSP_001,Medical,33,35,96,63,34,8
2024-10-06,HOSP_001,Surgical,18,15,68,57,32,13
2024-10-06,HOSP_001,Pediatrics,22,14,52,45,25,8
2024-10-07,HOSP_001,Emergency,44,40,72,72,41,10
2024-10-07,HOSP_001,Medical,33,30,96,66,36,14
2024-10-07,HOSP_001,Surgical,23,18,68,62,29,28
2024-10-07,HOSP_001,Pediatrics,21,25,52,41,25,7
2024-10-08,HOSP_001,Emergency,45,39,72,72,43,11
2024-10-08,HOSP_001,Medical,31,33,96,64,40,14
2024-10-08,HOSP_001,Surgical,27,25,68,64,33,22
2024-10-08,HOSP_001,Pediatrics,21,20,52,42,27,9
2024-10-09,HOSP_001,Emergency,48,40,72,72,45,8
2024-10-09,HOSP_001,Medical,38,35,96,67,38,17
2024-10-09,HOSP_001,Surgical,17,25,68,56,33,25
2024-10-09,HOSP_001,Pediatrics,21,27,52,36,23,6
2024-10-10,HOSP_001,Emergency,60,43,72,72,45,9
2024-10-10,HOSP_001,Medical,31,35,96,63,37,16
2024-10-10,HOSP_001,Surgical,18,22,68,52,33,25
2024-10-10,HOSP_001,Pediatrics,20,22,52,34,28,7
2024-10-11,HOSP_001,Emergency,37,40,72,69,39,8
2024-10-11,HOSP_001,Medical,31,34,96,60,39,14
2024-10-11,HOSP_001,Surgical,24,20,68,56,33,21
2024-10-11,HOSP_001,Pediatrics,19,17,52,36,25,8
2024-10-12,HOSP_001,Emergency,58,43,72,72,45,5
2024-10-12,HOSP_001,Medical,29,30,96,59,38,8
2024-10-12,HOSP_001,Surgical,23,21,68,58,33,15
2024-10-12,HOSP_001,Pediatrics,19,16,52,39,25,5
2024-10-13,HOSP_001,Emergency,56,46,72,72,42,7
2024-10-13,HOSP_001,Medical,30,27,96,62,36,9
2024-10-13,HOSP_001,Surgical,16,18,68,56,28,13
2024-10-13,HOSP_001,Pediatrics,22,21,52,40,20,4
2024-10-14,HOSP_001,Emergency,51,44,72,72,45,11
2024-10-14,HOSP_001,Medical,29,25,96,66,36,16
2024-10-14,HOSP_001,Surgical,25,17,68,64,34,26
2024-10-14,HOSP_001,Pediatrics,19,31,52,28,24,9
2024-10-15,HOSP_001,Emergency,44,37,72,72,41,9
2024-10-15,HOSP_001,Medical,37,33,96,70,38,14
2024-10-15,HOSP_001,Surgical,26,24,68,66,31,23
2024-10-15,HOSP_001,Pediatrics,21,19,52,30,24,8
2024-10-16,HOSP_001,Emergency,39,39,72,72,38,9
2024-10-16,HOSP_001,Medical,35,34,96,71,36,17
2024-10-16,HOSP_001,Surgical,22,27,68,61,33,28
2024-10-16,HOSP_001,Pediatrics,15,11,52,34,23,6
2024-10-17,HOSP_001,Emergency,54,44,72,72,47,10
2024-10-17,HOSP_001,Medical,34,34,96,71,39,16
2024-10-17,HOSP_001,Surgical,21,21,68,61,32,27
2024-10-17,HOSP_001,Pediatrics,18,20,52,32,28,6
2024-10-18,HOSP_001,Emergency,54,43,72,72,48,10
2024-10-18,HOSP_001,Medical,32,35,96,68,39,15
2024-10-18,HOSP_001,Surgical,22,20,68,63,31,26
2024-10-18,HOSP_001,Pediatrics,26,23,52,35,26,9
2024-10-19,HOSP_001,Emergency,57,47,72,72,44,4
2024-10-19,HOSP_001,Medical,27,27,96,68,38,9
2024-10-19,HOSP_001,Surgical,19,25,68,57,29,14
2024-10-19,HOSP_001,Pediatrics,20,17,52,38,26,3
2024-10-20,HOSP_001,Emergency,60,42,72,72,43,8
2024-10-20,HOSP_001,Medical,33,38,96,63,39,7
2024-10-20,HOSP_001,Surgical,18,24,68,51,32,14
2024-10-20,HOSP_001,Pediatrics,18,17,52,39,28,1
2024-10-21,HOSP_001,Emergency,44,38,72,72,40,9
2024-10-21,HOSP_001,Medical,40,35,96,68,38,18
2024-10-21,HOSP_001,Surgical,21,17,68,55,30,22
2024-10-21,HOSP_001,Pediatrics,20,24,52,35,25,9
2024-10-22,HOSP_001,Emergency,43,38,72,72,45,9
2024-10-22,HOSP_001,Medical,32,43,96,57,39,15
2024-10-22,HOSP_001,Surgical,25,24,68,56,30,24
2024-10-22,HOSP_001,Pediatrics,19,21,52,33,25,7
2024-10-23,HOSP_001,Emergency,49,41,72,72,41,10
2024-10-23,HOSP_001,Medical,34,36,96,55,35,17
2024-10-23,HOSP_001,Surgical,26,24,68,58,33,24
2024-10-23,HOSP_001,Pediatrics,24,21,52,36,26,9
2024-10-24,HOSP_001,Emergency,52,38,72,72,43,10
2024-10-24,HOSP_001,Medical,37,29,96,63,37,15
2024-10-24,HOSP_001,Surgical,27,23,68,62,31,29
2024-10-24,HOSP_001,Pediatrics,20,25,52,31,23,10
2024-10-25,HOSP_001,Emergency,43,36,72,72,43,10
2024-10-25,HOSP_001,Medical,37,33,96,67,39,17
2024-10-25,HOSP_001,Surgical,25,18,68,68,33,26
2024-10-25,HOSP_001,Pediatrics,19,22,52,28,24,8
2024-10-26,HOSP_001,Emergency,52,39,72,72,40,6
2024-10-26,HOSP_001,Medical,30,32,96,65,36,9
2024-10-26,HOSP_001,Surgical,20,24,68,64,30,14
2024-10-26,HOSP_001,Pediatrics,19,14,52,33,24,10
2024-10-27,HOSP_001,Emergency,46,41,72,72,46,8
2024-10-27,HOSP_001,Medical,33,32,96,66,33,9
2024-10-27,HOSP_001,Surgical,21,22,68,63,30,15
2024-10-27,HOSP_001,Pediatrics,24,22,52,35,25,7
2024-10-28,HOSP_001,Emergency,51,36,72,72,45,11
2024-10-28,HOSP_001,Medical,37,36,96,67,35,15
2024-10-28,HOSP_001,Surgical,26,24,68,65,30,23
2024-10-28,HOSP_001,Pediatrics,23,18,52,40,26,7
2024-10-29,HOSP_001,Emergency,52,43,72,72,44,7
2024-10-29,HOSP_001,Medical,34,36,96,65,37,14
2024-10-29,HOSP_001,Surgical,19,22,68,62,30,24
2024-10-29,HOSP_001,Pediatrics,19,21,52,38,19,9
2024-10-30,HOSP_001,Emergency,51,35,72,72,45,13
2024-10-30,HOSP_001,Medical,36,42,96,59,36,16
2024-10-30,HOSP_001,Surgical,22,24,68,60,28,28
2024-10-30,HOSP_001,Pediatrics,19,20,52,37,23,8
2024-10-31,HOSP_001,Emergency,41,35,72,72,41,10
2024-10-31,HOSP_001,Medical,37,32,96,64,40,18
2024-10-31,HOSP_001,Surgical,21,24,68,57,30,26
2024-10-31,HOSP_001,Pediatrics,24,21,52,40,26,7
2024-11-01,HOSP_001,Emergency,43,40,72,72,41,12
2024-11-01,HOSP_001,Medical,33,34,96,63,37,18
2024-11-01,HOSP_001,Surgical,24,26,68,55,28,22
2024-11-01,HOSP_001,Pediatrics,22,18,52,44,26,12
2024-11-02,HOSP_001,Emergency,46,37,72,72,45,9
2024-11-02,HOSP_001,Medical,29,37,96,55,39,8
2024-11-02,HOSP_001,Surgical,23,24,68,54,31,13
2024-11-02,HOSP_001,Pediatrics,26,22,52,48,26,2
2024-11-03,HOSP_001,Emergency,50,41,72,72,39,6
2024-11-03,HOSP_001,Medical,29,26,96,58,38,8
2024-11-03,HOSP_001,Surgical,20,21,68,53,32,12
2024-11-03,HOSP_001,Pediatrics,25,30,52,43,27,5
2024-11-04,HOSP_001,Emergency,46,36,72,72,41,11
2024-11-04,HOSP_001,Medical,39,38,96,59,35,13
2024-11-04,HOSP_001,Surgical,29,21,68,61,34,27
2024-11-04,HOSP_001,Pediatrics,24,21,52,46,27,6
2024-11-05,HOSP_001,Emergency,55,42,72,72,43,10
2024-11-05,HOSP_001,Medical,37,33,96,63,35,17
2024-11-05,HOSP_001,Surgical,22,25,68,58,35,24
2024-11-05,HOSP_001,Pediatrics,21,24,52,43,26,8
2024-11-06,HOSP_001,Emergency,51,38,72,72,42,11
2024-11-06,HOSP_001,Medical,39,34,96,68,36,14
2024-11-06,HOSP_001,Surgical,23,20,68,61,32,27
2024-11-06,HOSP_001,Pediatrics,19,16,52,46,25,12
2024-11-07,HOSP_001,Emergency,47,43,72,72,44,14
2024-11-07,HOSP_001,Medical,35,32,96,71,38,14
2024-11-07,HOSP_001,Surgical,24,22,68,63,32,29
2024-11-07,HOSP_001,Pediatrics,21,23,52,44,20,7
2024-11-08,HOSP_001,Emergency,49,38,72,72,39,12
2024-11-08,HOSP_001,Medical,34,35,96,70,36,16
2024-11-08,HOSP_001,Surgical,26,24,68,65,26,27
2024-11-08,HOSP_001,Pediatrics,19,22,52,41,23,8
2024-11-09,HOSP_001,Emergency,50,40,72,72,39,8
2024-11-09,HOSP_001,Medical,33,30,96,73,37,9
2024-11-09,HOSP_001,Surgical,23,21,68,67,29,15
2024-11-09,HOSP_001,Pediatrics,23,24,52,40,25,5
2024-11-10,HOSP_001,Emergency,55,43,72,72,40,9
2024-11-10,HOSP_001,Medical,31,39,96,65,37,4
2024-11-10,HOSP_001,Surgical,23,21,68,68,35,11
2024-11-10,HOSP_001,Pediatrics,21,21,52,40,25,5
2024-11-11,HOSP_001,Emergency,44,31,72,72,42,8
2024-11-11,HOSP_001,Medical,39,31,96,73,36,15
2024-11-11,HOSP_001,Surgical,24,23,68,68,31,27
2024-11-11,HOSP_001,Pediatrics,22,22,52,40,23,9
2024-11-12,HOSP_001,Emergency,54,36,72,72,43,9
2024-11-12,HOSP_001,Medical,41,37,96,77,41,17
2024-11-12,HOSP_001,Surgical,27,24,68,68,31,28
2024-11-12,HOSP_001,Pediatrics,22,19,52,43,24,8
2024-11-13,HOSP_001,Emergency,45,37,72,72,39,10
2024-11-13,HOSP_001,Medical,41,38,96,80,38,17
2024-11-13,HOSP_001,Surgical,20,23,68,65,31,30
2024-11-13,HOSP_001,Pediatrics,20,23,52,40,22,4
2024-11-14,HOSP_001,Emergency,51,42,72,72,42,9
2024-11-14,HOSP_001,Medical,36,37,96,79,33,11
2024-11-14,HOSP_001,Surgical,26,27,68,64,33,26
2024-11-14,HOSP_001,Pediatrics,26,24,52,42,26,7
2024-11-15,HOSP_001,Emergency,56,42,72,72,44,13
2024-11-15,HOSP_001,Medical,41,36,96,84,37,14
2024-11-15,HOSP_001,Surgical,23,29,68,58,32,27
2024-11-15,HOSP_001,Pediatrics,21,17,52,46,28,7
2024-11-16,HOSP_001,Emergency,59,40,72,72,43,6
2024-11-16,HOSP_001,Medical,29,38,96,75,39,12
2024-11-16,HOSP_001,Surgical,24,25,68,57,28,13
2024-11-16,HOSP_001,Pediatrics,24,26,52,44,23,3
2024-11-17,HOSP_001,Emergency,53,45,72,72,38,5
2024-11-17,HOSP_001,Medical,36,40,96,71,39,6
2024-11-17,HOSP_001,Surgical,21,20,68,58,32,15
2024-11-17,HOSP_001,Pediatrics,26,24,52,46,26,7
2024-11-18,HOSP_001,Emergency,52,44,72,72,41,9
2024-11-18,HOSP_001,Medical,38,36,96,73,37,18
2024-11-18,HOSP_001,Surgical,23,25,68,56,28,29
2024-11-18,HOSP_001,Pediatrics,17,20,52,43,25,11
2024-11-19,HOSP_001,Emergency,44,37,72,72,45,13
2024-11-19,HOSP_001,Medical,37,34,96,76,37,16
2024-11-19,HOSP_001,Surgical,25,19,68,62,28,26
2024-11-19,HOSP_001,Pediatrics,20,16,52,47,24,6
2024-11-20,HOSP_001,Emergency,42,36,72,72,38,12
2024-11-20,HOSP_001,Medical,47,38,96,85,41,14
2024-11-20,HOSP_001,Surgical,26,31,68,57,26,25
2024-11-20,HOSP_001,Pediatrics,22,26,52,43,27,8
2024-11-21,HOSP_001,Emergency,51,36,72,72,42,11
2024-11-21,HOSP_001,Medical,30,35,96,80,36,11
2024-11-21,HOSP_001,Surgical,29,24,68,62,34,28
2024-11-21,HOSP_001,Pediatrics,22,22,52,43,27,8
2024-11-22,HOSP_001,Emergency,54,44,72,72,42,11
2024-11-22,HOSP_001,Medical,37,40,96,77,35,13
2024-11-22,HOSP_001,Surgical,28,26,68,64,29,26
2024-11-22,HOSP_001,Pediatrics,24,23,52,44,25,9
2024-11-23,HOSP_001,Emergency,55,45,72,72,47,5
2024-11-23,HOSP_001,Medical,35,39,96,73,35,8
2024-11-23,HOSP_001,Surgical,17,22,68,59,30,17
2024-11-23,HOSP_001,Pediatrics,22,25,52,41,28,5
2024-11-24,HOSP_001,Emergency,53,44,72,72,42,6
2024-11-24,HOSP_001,Medical,35,42,96,66,37,8
2024-11-24,HOSP_001,Surgical,27,22,68,64,30,14
2024-11-24,HOSP_001,Pediatrics,25,26,52,40,26,5
2024-11-25,HOSP_001,Emergency,40,35,72,72,40,11
2024-11-25,HOSP_001,Medical,36,37,96,65,39,18
2024-11-25,HOSP_001,Surgical,22,23,68,63,31,30
2024-11-25,HOSP_001,Pediatrics,20,19,52,41,27,6
2024-11-26,HOSP_001,Emergency,53,37,72,72,42,12
2024-11-26,HOSP_001,Medical,37,34,96,68,38,16
2024-11-26,HOSP_001,Surgical,25,26,68,62,30,30
2024-11-26,HOSP_001,Pediatrics,24,20,52,45,29,6
2024-11-27,HOSP_001,Emergency,54,41,72,72,42,10
2024-11-27,HOSP_001,Medical,46,35,96,79,40,20
2024-11-27,HOSP_001,Surgical,25,27,68,60,34,27
2024-11-27,HOSP_001,Pediatrics,24,21,52,48,27,12
2024-11-28,HOSP_001,Emergency,57,47,72,72,45,11
2024-11-28,HOSP_001,Medical,35,39,96,75,39,17
2024-11-28,HOSP_001,Surgical,25,21,68,64,34,27
2024-11-28,HOSP_001,Pediatrics,23,23,52,48,25,6
2024-11-29,HOSP_001,Emergency,45,41,72,72,42,8
2024-11-29,HOSP_001,Medical,39,38,96,76,33,16
2024-11-29,HOSP_001,Surgical,24,31,68,57,33,30
2024-11-29,HOSP_001,Pediatrics,25,24,52,49,24,6
2024-11-30,HOSP_001,Emergency,55,49,72,72,39,6
2024-11-30,HOSP_001,Medical,33,41,96,68,32,7
2024-11-30,HOSP_001,Surgical,22,21,68,58,32,15
2024-11-30,HOSP_001,Pediatrics,24,26,52,47,27,1
2024-12-01,HOSP_001,Emergency,47,40,72,72,43,7
2024-12-01,HOSP_001,Medical,29,36,96,61,37,9
2024-12-01,HOSP_001,Surgical,25,22,68,61,32,13
2024-12-01,HOSP_001,Pediatrics,24,26,52,45,26,7
2024-12-02,HOSP_001,Emergency,53,41,72,72,40,10
2024-12-02,HOSP_001,Medical,41,41,96,61,39,18
2024-12-02,HOSP_001,Surgical,21,23,68,59,32,27
2024-12-02,HOSP_001,Pediatrics,19,23,52,41,24,8
2024-12-03,HOSP_001,Emergency,45,36,72,72,41,11
2024-12-03,HOSP_001,Medical,39,31,96,69,36,17
2024-12-03,HOSP_001,Surgical,22,21,68,60,27,28
2024-12-03,HOSP_001,Pediatrics,22,21,52,42,23,8
2024-12-04,HOSP_001,Emergency,52,37,72,72,50,15
2024-12-04,HOSP_001,Medical,34,37,96,66,34,15
2024-12-04,HOSP_001,Surgical,28,20,68,68,34,28
2024-12-04,HOSP_001,Pediatrics,21,21,52,42,26,11
2024-12-05,HOSP_001,Emergency,56,45,72,72,46,10
2024-12-05,HOSP_001,Medical,42,31,96,77,39,17
2024-12-05,HOSP_001,Surgical,28,23,68,68,35,27
2024-12-05,HOSP_001,Pediatrics,20,22,52,40,25,9
2024-12-06,HOSP_001,Emergency,51,45,72,72,42,13
2024-12-06,HOSP_001,Medical,37,39,96,75,38,17
2024-12-06,HOSP_001,Surgical,26,26,68,68,34,25
2024-12-06,HOSP_001,Pediatrics,25,22,52,43,28,13
2024-12-07,HOSP_001,Emergency,60,39,72,72,39,6
2024-12-07,HOSP_001,Medical,30,30,96,75,34,7
2024-12-07,HOSP_001,Surgical,18,24,68,62,30,19
2024-12-07,HOSP_001,Pediatrics,23,25,52,41,27,0
2024-12-08,HOSP_001,Emergency,67,48,72,72,43,4
2024-12-08,HOSP_001,Medical,35,40,96,70,38,9
2024-12-08,HOSP_001,Surgical,22,24,68,60,31,15
2024-12-08,HOSP_001,Pediatrics,23,26,52,38,26,5
2024-12-09,HOSP_001,Emergency,54,41,72,72,40,9
2024-12-09,HOSP_001,Medical,38,41,96,67,35,17
2024-12-09,HOSP_001,Surgical,17,21,68,56,34,28
2024-12-09,HOSP_001,Pediatrics,26,16,52,48,26,8
2024-12-10,HOSP_001,Emergency,50,41,72,72,40,13
2024-12-10,HOSP_001,Medical,33,33,96,67,36,16
2024-12-10,HOSP_001,Surgical,28,23,68,61,33,29
2024-12-10,HOSP_001,Pediatrics,20,18,52,50,24,8
2024-12-11,HOSP_001,Emergency,53,41,72,72,45,13
2024-12-11,HOSP_001,Medical,39,32,96,74,42,13
2024-12-11,HOSP_001,Surgical,28,27,68,62,30,29
2024-12-11,HOSP_001,Pediatrics,19,23,52,46,29,7
2024-12-12,HOSP_001,Emergency,54,49,72,72,44,12
2024-12-12,HOSP_001,Medical,38,44,96,68,34,16
2024-12-12,HOSP_001,Surgical,20,26,68,56,30,29
2024-12-12,HOSP_001,Pediatrics,18,19,52,45,25,9
2024-12-13,HOSP_001,Emergency,47,45,72,72,47,11
2024-12-13,HOSP_001,Medical,36,34,96,70,36,19
2024-12-13,HOSP_001,Surgical,25,25,68,56,27,32
2024-12-13,HOSP_001,Pediatrics,26,27,52,44,24,13
2024-12-14,HOSP_001,Emergency,56,43,72,72,42,2
2024-12-14,HOSP_001,Medical,34,31,96,73,38,9
2024-12-14,HOSP_001,Surgical,24,21,68,59,32,15
2024-12-14,HOSP_001,Pediatrics,29,23,52,50,26,5
2024-12-15,HOSP_001,Emergency,53,44,72,72,43,3
2024-12-15,HOSP_001,Medical,31,27,96,77,38,8
2024-12-15,HOSP_001,Surgical,24,26,68,57,34,12
2024-12-15,HOSP_001,Pediatrics,22,30,52,42,22,5
2024-12-16,HOSP_001,Emergency,60,49,72,72,39,8
2024-12-16,HOSP_001,Medical,38,38,96,77,38,11
2024-12-16,HOSP_001,Surgical,28,26,68,59,34,28
2024-12-16,HOSP_001,Pediatrics,19,21,52,40,26,8
2024-12-17,HOSP_001,Emergency,59,47,72,72,39,12
2024-12-17,HOSP_001,Medical,36,39,96,74,37,18
2024-12-17,HOSP_001,Surgical,25,23,68,61,32,26
2024-12-17,HOSP_001,Pediatrics,21,16,52,45,24,7
2024-12-18,HOSP_001,Emergency,52,38,72,72,43,14
2024-12-18,HOSP_001,Medical,37,37,96,74,35,15
2024-12-18,HOSP_001,Surgical,25,27,68,59,31,31
2024-12-18,HOSP_001,Pediatrics,26,23,52,48,27,8
2024-12-19,HOSP_001,Emergency,51,41,72,72,40,13
2024-12-19,HOSP_001,Medical,37,38,96,73,37,18
2024-12-19,HOSP_001,Surgical,27,19,68,67,33,28
2024-12-19,HOSP_001,Pediatrics,28,23,52,52,26,11
2024-12-20,HOSP_001,Emergency,57,46,72,72,45,10
2024-12-20,HOSP_001,Medical,40,38,96,75,38,15
2024-12-20,HOSP_001,Surgical,26,29,68,64,37,27
2024-12-20,HOSP_001,Pediatrics,22,26,52,48,26,9
2024-12-21,HOSP_001,Emergency,65,44,72,72,41,10
2024-12-21,HOSP_001,Medical,35,41,96,69,37,11
2024-12-21,HOSP_001,Surgical,24,30,68,58,36,16
2024-12-21,HOSP_001,Pediatrics,25,23,52,50,23,4
2024-12-22,HOSP_001,Emergency,62,46,72,72,44,7
2024-12-22,HOSP_001,Medical,26,29,96,66,36,13
2024-12-22,HOSP_001,Surgical,22,18,68,62,28,16
2024-12-22,HOSP_001,Pediatrics,21,29,52,42,23,6
2024-12-23,HOSP_001,Emergency,54,42,72,72,38,14
2024-12-23,HOSP_001,Medical,35,33,96,68,37,15
2024-12-23,HOSP_001,Surgical,28,28,68,62,35,28
2024-12-23,HOSP_001,Pediatrics,20,23,52,39,26,10
2024-12-24,HOSP_001,Emergency,51,42,72,72,43,8
2024-12-24,HOSP_001,Medical,39,34,96,73,38,14
2024-12-24,HOSP_001,Surgical,23,25,68,60,28,27
2024-12-24,HOSP_001,Pediatrics,25,27,52,37,26,8
2024-12-25,HOSP_001,Emergency,55,45,72,72,43,9
2024-12-25,HOSP_001,Medical,40,38,96,75,37,16
2024-12-25,HOSP_001,Surgical,29,26,68,63,31,32
2024-12-25,HOSP_001,Pediatrics,22,27,52,32,26,11
2024-12-26,HOSP_001,Emergency,53,45,72,72,41,9
2024-12-26,HOSP_001,Medical,41,43,96,73,39,14
2024-12-26,HOSP_001,Surgical,27,27,68,63,31,26
2024-12-26,HOSP_001,Pediatrics,25,19,52,38,25,6
2024-12-27,HOSP_001,Emergency,53,40,72,72,46,11
2024-12-27,HOSP_001,Medical,38,41,96,70,37,20
2024-12-27,HOSP_001,Surgical,23,24,68,62,31,30
2024-12-27,HOSP_001,Pediatrics,25,18,52,45,26,8
2024-12-28,HOSP_001,Emergency,61,45,72,72,47,7
2024-12-28,HOSP_001,Medical,28,39,96,59,34,14
2024-12-28,HOSP_001,Surgical,22,25,68,59,30,15
2024-12-28,HOSP_001,Pediatrics,24,29,52,40,26,7
2024-12-29,HOSP_001,Emergency,56,39,72,72,43,7
2024-12-29,HOSP_001,Medical,37,38,96,58,39,6
2024-12-29,HOSP_001,Surgical,22,24,68,57,31,12
2024-12-29,HOSP_001,Pediatrics,26,19,52,47,24,5
2024-12-30,HOSP_001,Emergency,53,46,72,72,43,7
2024-12-30,HOSP_001,Medical,40,31,96,67,39,17
2024-12-30,HOSP_001,Surgical,32,24,68,65,30,29
2024-12-30,HOSP_001,Pediatrics,29,28,52,48,28,9
2024-12-31,HOSP_001,Emergency,52,47,72,72,45,12
2024-12-31,HOSP_001,Medical,41,39,96,69,37,17
2024-12-31,HOSP_001,Surgical,26,24,68,67,34,29
2024-12-31,HOSP_001,Pediatrics,20,22,52,46,28,11
2025-01-01,HOSP_001,Emergency,45,41,72,72,45,11
2025-01-01,HOSP_001,Medical,33,34,96,68,33,19
2025-01-01,HOSP_001,Surgical,22,27,68,62,30,28
2025-01-01,HOSP_001,Pediatrics,23,22,52,47,22,6
2025-01-02,HOSP_001,Emergency,66,48,72,72,41,11
2025-01-02,HOSP_001,Medical,39,37,96,70,35,16
2025-01-02,HOSP_001,Surgical,29,26,68,65,33,28
2025-01-02,HOSP_001,Pediatrics,25,22,52,50,27,11
2025-01-03,HOSP_001,Emergency,68,44,72,72,50,10
2025-01-03,HOSP_001,Medical,42,33,96,79,39,17
2025-01-03,HOSP_001,Surgical,23,27,68,61,33,28
2025-01-03,HOSP_001,Pediatrics,21,21,52,50,26,9
2025-01-04,HOSP_001,Emergency,59,41,72,72,44,8
2025-01-04,HOSP_001,Medical,31,37,96,73,39,9
2025-01-04,HOSP_001,Surgical,25,18,68,68,34,16
2025-01-04,HOSP_001,Pediatrics,25,26,52,49,24,5
2025-01-05,HOSP_001,Emergency,60,44,72,72,41,5
2025-01-05,HOSP_001,Medical,31,33,96,71,37,11
2025-01-05,HOSP_001,Surgical,29,27,68,68,39,17
2025-01-05,HOSP_001,Pediatrics,23,26,52,46,24,6
2025-01-06,HOSP_001,Emergency,57,45,72,72,43,15
2025-01-06,HOSP_001,Medical,36,39,96,68,39,16
2025-01-06,HOSP_001,Surgical,23,23,68,68,30,26
2025-01-06,HOSP_001,Pediatrics,24,18,52,52,27,9
2025-01-07,HOSP_001,Emergency,62,50,72,72,47,11
2025-01-07,HOSP_001,Medical,42,35,96,75,39,14
2025-01-07,HOSP_001,Surgical,25,31,68,62,33,26
2025-01-07,HOSP_001,Pediatrics,22,28,52,46,25,9
2025-01-08,HOSP_001,Emergency,55,42,72,72,40,9
2025-01-08,HOSP_001,Medical,46,38,96,83,37,14
2025-01-08,HOSP_001,Surgical,28,30,68,60,34,30
2025-01-08,HOSP_001,Pediatrics,22,22,52,46,24,8
2025-01-09,HOSP_001,Emergency,52,37,72,72,43,14
2025-01-09,HOSP_001,Medical,39,43,96,79,38,18
2025-01-09,HOSP_001,Surgical,31,27,68,64,33,27
2025-01-09,HOSP_001,Pediatrics,24,30,52,40,27,10
2025-01-10,HOSP_001,Emergency,54,40,72,72,43,11
2025-01-10,HOSP_001,Medical,42,37,96,84,35,15
2025-01-10,HOSP_001,Surgical,31,25,68,68,32,26
2025-01-10,HOSP_001,Pediatrics,25,30,52,35,25,9
2025-01-11,HOSP_001,Emergency,65,46,72,72,40,6
2025-01-11,HOSP_001,Medical,30,37,96,77,37,9
2025-01-11,HOSP_001,Surgical,24,28,68,64,31,16
2025-01-11,HOSP_001,Pediatrics,27,20,52,42,26,6
2025-01-12,HOSP_001,Emergency,57,41,72,72,44,3
2025-01-12,HOSP_001,Medical,36,35,96,78,36,10
2025-01-12,HOSP_001,Surgical,25,21,68,68,32,16
2025-01-12,HOSP_001,Pediatrics,29,20,52,51,29,5
2025-01-13,HOSP_001,Emergency,46,39,72,72,42,10
2025-01-13,HOSP_001,Medical,34,43,96,69,39,19
2025-01-13,HOSP_001,Surgical,27,23,68,68,31,29
2025-01-13,HOSP_001,Pediatrics,22,26,52,47,28,4
2025-01-14,HOSP_001,Emergency,49,36,72,72,41,15
2025-01-14,HOSP_001,Medical,35,36,96,68,36,21
2025-01-14,HOSP_001,Surgical,26,29,68,65,37,29
2025-01-14,HOSP_001,Pediatrics,26,24,52,49,23,11
2025-01-15,HOSP_001,Emergency,56,42,72,72,41,9
2025-01-15,HOSP_001,Medical,43,40,96,71,38,16
2025-01-15,HOSP_001,Surgical,28,32,68,61,29,31
2025-01-15,HOSP_001,Pediatrics,25,22,52,52,26,8
2025-01-16,HOSP_001,Emergency,54,44,72,72,43,13
2025-01-16,HOSP_001,Medical,35,36,96,70,35,19
2025-01-16,HOSP_001,Surgical,31,21,68,68,32,29
2025-01-16,HOSP_001,Pediatrics,20,25,52,47,28,10
2025-01-17,HOSP_001,Emergency,59,42,72,72,45,14
2025-01-17,HOSP_001,Medical,40,40,96,70,38,18
2025-01-17,HOSP_001,Surgical,23,27,68,64,34,29
2025-01-17,HOSP_001,Pediatrics,19,20,52,46,25,8
2025-01-18,HOSP_001,Emergency,67,50,72,72,45,9
2025-01-18,HOSP_001,Medical,39,33,96,76,41,11
2025-01-18,HOSP_001,Surgical,27,22,68,68,37,17
2025-01-18,HOSP_001,Pediatrics,26,25,52,47,28,5
2025-01-19,HOSP_001,Emergency,63,48,72,72,40,5
2025-01-19,HOSP_001,Medical,37,36,96,77,38,8
2025-01-19,HOSP_001,Surgical,24,27,68,65,32,17
2025-01-19,HOSP_001,Pediatrics,21,23,52,45,26,5
2025-01-20,HOSP_001,Emergency,56,39,72,72,46,10
2025-01-20,HOSP_001,Medical,34,34,96,77,41,17
2025-01-20,HOSP_001,Surgical,28,28,68,65,29,29
2025-01-20,HOSP_001,Pediatrics,24,29,52,40,28,7
2025-01-21,HOSP_001,Emergency,61,46,72,72,42,11
2025-01-21,HOSP_001,Medical,37,39,96,75,37,18
2025-01-21,HOSP_001,Surgical,31,32,68,64,33,27
2025-01-21,HOSP_001,Pediatrics,21,20,52,41,28,10
2025-01-22,HOSP_001,Emergency,60,46,72,72,45,11
2025-01-22,HOSP_001,Medical,38,32,96,81,37,16
2025-01-22,HOSP_001,Surgical,26,24,68,66,32,30
2025-01-22,HOSP_001,Pediatrics,25,19,52,47,23,6
2025-01-23,HOSP_001,Emergency,40,38,72,72,42,10
2025-01-23,HOSP_001,Medical,42,41,96,82,38,19
2025-01-23,HOSP_001,Surgical,28,25,68,68,35,30
2025-01-23,HOSP_001,Pediatrics,25,25,52,47,26,9
2025-01-24,HOSP_001,Emergency,56,39,72,72,44,13
2025-01-24,HOSP_001,Medical,42,47,96,77,40,16
2025-01-24,HOSP_001,Surgical,30,26,68,68,30,29
2025-01-24,HOSP_001,Pediatrics,24,25,52,46,28,10
2025-01-25,HOSP_001,Emergency,65,44,72,72,43,10
2025-01-25,HOSP_001,Medical,33,37,96,73,38,8
2025-01-25,HOSP_001,Surgical,24,28,68,64,30,18
2025-01-25,HOSP_001,Pediatrics,27,28,52,45,30,4
2025-01-26,HOSP_001,Emergency,59,42,72,72,42,7
2025-01-26,HOSP_001,Medical,29,35,96,67,36,9
2025-01-26,HOSP_001,Surgical,22,23,68,63,32,17
2025-01-26,HOSP_001,Pediatrics,25,25,52,45,25,4
2025-01-27,HOSP_001,Emergency,57,39,72,72,41,6
2025-01-27,HOSP_001,Medical,39,38,96,68,36,15
2025-01-27,HOSP_001,Surgical,28,23,68,68,34,28
2025-01-27,HOSP_001,Pediatrics,25,23,52,47,26,7
2025-01-28,HOSP_001,Emergency,63,48,72,72,42,13
2025-01-28,HOSP_001,Medical,37,38,96,67,37,15
2025-01-28,HOSP_001,Surgical,27,24,68,68,35,31
2025-01-28,HOSP_001,Pediatrics,26,27,52,46,24,8
2025-01-29,HOSP_001,Emergency,54,44,72,72,42,10
2025-01-29,HOSP_001,Medical,36,35,96,68,36,18
2025-01-29,HOSP_001,Surgical,27,24,68,68,31,29
2025-01-29,HOSP_001,Pediatrics,22,23,52,45,25,10
2025-01-30,HOSP_001,Emergency,66,47,72,72,42,12
2025-01-30,HOSP_001,Medical,38,33,96,73,34,19
2025-01-30,HOSP_001,Surgical,22,30,68,60,31,31
2025-01-30,HOSP_001,Pediatrics,24,20,52,49,27,10
2025-01-31,HOSP_001,Emergency,59,47,72,72,42,12
2025-01-31,HOSP_001,Medical,41,36,96,78,37,17
2025-01-31,HOSP_001,Surgical,23,22,68,61,32,32
2025-01-31,HOSP_001,Pediatrics,19,24,52,44,22,5
2025-02-01,HOSP_001,Emergency,57,46,72,72,42,6
2025-02-01,HOSP_001,Medical,35,39,96,74,36,12
2025-02-01,HOSP_001,Surgical,24,20,68,65,32,16
2025-02-01,HOSP_001,Pediatrics,26,26,52,44,30,8
2025-02-02,HOSP_001,Emergency,55,42,72,72,42,7
2025-02-02,HOSP_001,Medical,31,30,96,75,38,8
2025-02-02,HOSP_001,Surgical,24,29,68,60,34,11
2025-02-02,HOSP_001,Pediatrics,30,24,52,50,29,2
2025-02-03,HOSP_001,Emergency,66,48,72,72,43,14
2025-02-03,HOSP_001,Medical,42,38,96,79,37,21
2025-02-03,HOSP_001,Surgical,19,18,68,61,32,28
2025-02-03,HOSP_001,Pediatrics,18,21,52,47,27,9
2025-02-04,HOSP_001,Emergency,62,43,72,72,42,11
2025-02-04,HOSP_001,Medical,43,48,96,74,39,17
2025-02-04,HOSP_001,Surgical,23,25,68,59,34,29
2025-02-04,HOSP_001,Pediatrics,22,21,52,48,28,11
2025-02-05,HOSP_001,Emergency,55,44,72,72,41,11
2025-02-05,HOSP_001,Medical,38,36,96,76,36,16
2025-02-05,HOSP_001,Surgical,22,25,68,56,35,30
2025-02-05,HOSP_001,Pediatrics,20,24,52,44,25,8
2025-02-06,HOSP_001,Emergency,52,38,72,72,42,12
2025-02-06,HOSP_001,Medical,38,40,96,74,39,13
2025-02-06,HOSP_001,Surgical,26,18,68,64,36,29
2025-02-06,HOSP_001,Pediatrics,24,25,52,43,27,10
2025-02-07,HOSP_001,Emergency,42,36,72,72,43,11
2025-02-07,HOSP_001,Medical,37,41,96,70,37,15
2025-02-07,HOSP_001,Surgical,20,29,68,55,33,28
2025-02-07,HOSP_001,Pediatrics,22,23,52,42,23,7
2025-02-08,HOSP_001,Emergency,59,48,72,72,46,8
2025-02-08,HOSP_001,Medical,36,33,96,73,38,8
2025-02-08,HOSP_001,Surgical,25,19,68,61,32,15
2025-02-08,HOSP_001,Pediatrics,21,18,52,45,26,4
2025-02-09,HOSP_001,Emergency,52,37,72,72,49,3
2025-02-09,HOSP_001,Medical,34,33,96,74,38,7
2025-02-09,HOSP_001,Surgical,19,21,68,59,30,17
2025-02-09,HOSP_001,Pediatrics,24,17,52,52,29,6
2025-02-10,HOSP_001,Emergency,49,44,72,72,43,9
2025-02-10,HOSP_001,Medical,36,37,96,73,36,18
2025-02-10,HOSP_001,Surgical,26,27,68,58,35,28
2025-02-10,HOSP_001,Pediatrics,23,30,52,45,26,7
2025-02-11,HOSP_001,Emergency,45,39,72,72,46,12
2025-02-11,HOSP_001,Medical,36,36,96,73,36,18
2025-02-11,HOSP_001,Surgical,20,21,68,57,31,29
2025-02-11,HOSP_001,Pediatrics,19,18,52,46,28,11
2025-02-12,HOSP_001,Emergency,59,44,72,72,45,12
2025-02-12,HOSP_001,Medical,35,42,96,66,34,15
2025-02-12,HOSP_001,Surgical,25,23,68,59,32,29
2025-02-12,HOSP_001,Pediatrics,24,20,52,50,22,8
2025-02-13,HOSP_001,Emergency,58,44,72,72,44,11
2025-02-13,HOSP_001,Medical,36,31,96,71,39,20
2025-02-13,HOSP_001,Surgical,24,22,68,61,32,30
2025-02-13,HOSP_001,Pediatrics,19,25,52,44,22,9
2025-02-14,HOSP_001,Emergency,48,40,72,72,36,11
2025-02-14,HOSP_001,Medical,41,35,96,77,40,19
2025-02-14,HOSP_001,Surgical,27,26,68,62,32,31
2025-02-14,HOSP_001,Pediatrics,20,23,52,41,26,7
2025-02-15,HOSP_001,Emergency,59,51,72,72,47,6
2025-02-15,HOSP_001,Medical,34,37,96,74,37,10
2025-02-15,HOSP_001,Surgical,28,27,68,63,34,19
2025-02-15,HOSP_001,Pediatrics,24,24,52,41,26,7
2025-02-16,HOSP_001,Emergency,64,46,72,72,42,7
2025-02-16,HOSP_001,Medical,41,36,96,79,40,9
2025-02-16,HOSP_001,Surgical,23,30,68,56,31,14
2025-02-16,HOSP_001,Pediatrics,23,19,52,45,21,3
2025-02-17,HOSP_001,Emergency,55,38,72,72,43,11
2025-02-17,HOSP_001,Medical,43,42,96,80,40,16
2025-02-17,HOSP_001,Surgical,26,23,68,59,33,27
2025-02-17,HOSP_001,Pediatrics,26,21,52,50,24,5
2025-02-18,HOSP_001,Emergency,57,44,72,72,44,12
2025-02-18,HOSP_001,Medical,34,36,96,78,38,17
2025-02-18,HOSP_001,Surgical,23,24,68,58,32,30
2025-02-18,HOSP_001,Pediatrics,20,27,52,43,27,9
2025-02-19,HOSP_001,Emergency,62,45,72,72,43,11
2025-02-19,HOSP_001,Medical,34,39,96,73,35,19
2025-02-19,HOSP_001,Surgical,24,23,68,59,29,27
2025-02-19,HOSP_001,Pediatrics,28,21,52,50,24,8
2025-02-20,HOSP_001,Emergency,60,48,72,72,45,12
2025-02-20,HOSP_001,Medical,38,37,96,74,39,18
2025-02-20,HOSP_001,Surgical,30,22,68,67,33,29
2025-02-20,HOSP_001,Pediatrics,22,20,52,52,25,12
2025-02-21,HOSP_001,Emergency,52,42,72,72,43,13
2025-02-21,HOSP_001,Medical,40,38,96,76,37,19
2025-02-21,HOSP_001,Surgical,27,29,68,65,34,31
2025-02-21,HOSP_001,Pediatrics,25,26,52,51,26,9
2025-02-22,HOSP_001,Emergency,50,40,72,72,44,8
2025-02-22,HOSP_001,Medical,32,36,96,72,40,7
2025-02-22,HOSP_001,Surgical,26,27,68,64,37,16
2025-02-22,HOSP_001,Pediatrics,24,24,52,51,24,5
2025-02-23,HOSP_001,Emergency,61,44,72,72,42,6
2025-02-23,HOSP_001,Medical,34,34,96,72,40,13
2025-02-23,HOSP_001,Surgical,23,23,68,64,33,12
2025-02-23,HOSP_001,Pediatrics,23,22,52,52,25,6
2025-02-24,HOSP_001,Emergency,54,44,72,72,42,13
2025-02-24,HOSP_001,Medical,42,35,96,79,38,18
2025-02-24,HOSP_001,Surgical,26,20,68,68,33,25
2025-02-24,HOSP_001,Pediatrics,25,28,52,49,26,11
2025-02-25,HOSP_001,Emergency,56,41,72,72,44,11
2025-02-25,HOSP_001,Medical,35,37,96,77,35,17
2025-02-25,HOSP_001,Surgical,29,25,68,68,32,27
2025-02-25,HOSP_001,Pediatrics,20,22,52,47,25,3
2025-02-26,HOSP_001,Emergency,58,41,72,72,45,13
2025-02-26,HOSP_001,Medical,41,37,96,81,38,14
2025-02-26,HOSP_001,Surgical,28,25,68,68,33,26
2025-02-26,HOSP_001,Pediatrics,23,24,52,46,25,7
2025-02-27,HOSP_001,Emergency,50,38,72,72,40,10
2025-02-27,HOSP_001,Medical,46,44,96,83,37,17
2025-02-27,HOSP_001,Surgical,27,31,68,64,32,29
2025-02-27,HOSP_001,Pediatrics,21,22,52,45,24,10
2025-02-28,HOSP_001,Emergency,54,41,72,72,42,12
2025-02-28,HOSP_001,Medical,35,41,96,77,38,21
2025-02-28,HOSP_001,Surgical,26,25,68,65,31,23
2025-02-28,HOSP_001,Pediatrics,20,17,52,48,24,10
2025-03-01,HOSP_001,Emergency,70,52,72,72,46,7
2025-03-01,HOSP_001,Medical,39,40,96,76,38,7
2025-03-01,HOSP_001,Surgical,24,28,68,61,29,18
2025-03-01,HOSP_001,Pediatrics,23,25,52,46,24,0
2025-03-02,HOSP_001,Emergency,51,36,72,72,46,4
2025-03-02,HOSP_001,Medical,31,37,96,70,37,13
2025-03-02,HOSP_001,Surgical,24,24,68,61,33,14
2025-03-02,HOSP_001,Pediatrics,26,28,52,44,22,4
2025-03-03,HOSP_001,Emergency,56,43,72,72,41,8
2025-03-03,HOSP_001,Medical,38,37,96,71,38,14
2025-03-03,HOSP_001,Surgical,26,25,68,62,31,27
2025-03-03,HOSP_001,Pediatrics,20,19,52,45,29,7
2025-03-04,HOSP_001,Emergency,69,46,72,72,46,11
2025-03-04,HOSP_001,Medical,35,34,96,72,36,13
2025-03-04,HOSP_001,Surgical,22,25,68,59,28,28
2025-03-04,HOSP_001,Pediatrics,26,23,52,48,27,13
2025-03-05,HOSP_001,Emergency,56,44,72,72,43,14
2025-03-05,HOSP_001,Medical,34,37,96,69,39,18
2025-03-05,HOSP_001,Surgical,24,16,68,67,30,26
2025-03-05,HOSP_001,Pediatrics,21,26,52,43,22,8
2025-03-06,HOSP_001,Emergency,55,42,72,72,41,11
2025-03-06,HOSP_001,Medical,30,33,96,66,33,21
2025-03-06,HOSP_001,Surgical,24,26,68,65,34,28
2025-03-06,HOSP_001,Pediatrics,26,18,52,51,25,9
2025-03-07,HOSP_001,Emergency,62,39,72,72,44,9
2025-03-07,HOSP_001,Medical,34,31,96,69,37,18
2025-03-07,HOSP_001,Surgical,24,26,68,63,30,29
2025-03-07,HOSP_001,Pediatrics,17,19,52,49,24,14
2025-03-08,HOSP_001,Emergency,56,40,72,72,41,7
2025-03-08,HOSP_001,Medical,36,34,96,71,39,9
2025-03-08,HOSP_001,Surgical,29,27,68,65,33,15
2025-03-08,HOSP_001,Pediatrics,23,25,52,47,18,4
2025-03-09,HOSP_001,Emergency,62,47,72,72,41,7
2025-03-09,HOSP_001,Medical,30,36,96,65,33,9
2025-03-09,HOSP_001,Surgical,21,22,68,64,33,15
2025-03-09,HOSP_001,Pediatrics,25,25,52,47,29,6
2025-03-10,HOSP_001,Emergency,53,44,72,72,42,17
2025-03-10,HOSP_001,Medical,38,35,96,68,38,16
2025-03-10,HOSP_001,Surgical,26,29,68,61,31,28
2025-03-10,HOSP_001,Pediatrics,26,24,52,49,23,7
2025-03-11,HOSP_001,Emergency,61,48,72,72,45,11
2025-03-11,HOSP_001,Medical,36,35,96,69,38,12
2025-03-11,HOSP_001,Surgical,23,25,68,59,34,27
2025-03-11,HOSP_001,Pediatrics,24,21,52,52,27,8
2025-03-12,HOSP_001,Emergency,46,45,72,72,40,9
2025-03-12,HOSP_001,Medical,34,37,96,66,37,17
2025-03-12,HOSP_001,Surgical,25,26,68,58,31,29
2025-03-12,HOSP_001,Pediatrics,25,26,52,51,28,6
2025-03-13,HOSP_001,Emergency,52,44,72,72,39,11
2025-03-13,HOSP_001,Medical,42,36,96,72,37,14
2025-03-13,HOSP_001,Surgical,18,18,68,58,28,30
2025-03-13,HOSP_001,Pediatrics,24,27,52,48,23,8
2025-03-14,HOSP_001,Emergency,54,41,72,72,45,11
2025-03-14,HOSP_001,Medical,34,39,96,67,35,18
2025-03-14,HOSP_001,Surgical,27,23,68,62,35,27
2025-03-14,HOSP_001,Pediatrics,19,28,52,39,27,8
2025-03-15,HOSP_001,Emergency,57,42,72,72,46,7
2025-03-15,HOSP_001,Medical,30,34,96,63,38,9
2025-03-15,HOSP_001,Surgical,25,22,68,65,35,15
2025-03-15,HOSP_001,Pediatrics,22,16,52,45,24,3
2025-03-16,HOSP_001,Emergency,56,49,72,72,43,10
2025-03-16,HOSP_001,Medical,35,33,96,65,35,14
2025-03-16,HOSP_001,Surgical,24,25,68,64,31,15
2025-03-16,HOSP_001,Pediatrics,21,20,52,46,25,5
2025-03-17,HOSP_001,Emergency,56,43,72,72,42,9
2025-03-17,HOSP_001,Medical,31,27,96,69,38,14
2025-03-17,HOSP_001,Surgical,27,27,68,64,29,26
2025-03-17,HOSP_001,Pediatrics,26,22,52,50,25,11
2025-03-18,HOSP_001,Emergency,51,39,72,72,41,13
2025-03-18,HOSP_001,Medical,38,34,96,73,39,16
2025-03-18,HOSP_001,Surgical,26,26,68,64,33,27
2025-03-18,HOSP_001,Pediatrics,22,27,52,45,23,9
2025-03-19,HOSP_001,Emergency,51,42,72,72,39,14
2025-03-19,HOSP_001,Medical,38,40,96,71,40,15
2025-03-19,HOSP_001,Surgical,24,25,68,63,28,25
2025-03-19,HOSP_001,Pediatrics,22,24,52,43,24,13
2025-03-20,HOSP_001,Emergency,53,44,72,72,41,13
2025-03-20,HOSP_001,Medical,38,37,96,72,36,18
2025-03-20,HOSP_001,Surgical,26,24,68,65,32,27
2025-03-20,HOSP_001,Pediatrics,23,26,52,40,22,7
2025-03-21,HOSP_001,Emergency,50,42,72,72,43,12
2025-03-21,HOSP_001,Medical,38,38,96,72,34,16
2025-03-21,HOSP_001,Surgical,28,26,68,67,33,28
2025-03-21,HOSP_001,Pediatrics,20,25,52,35,22,10
2025-03-22,HOSP_001,Emergency,64,42,72,72,42,7
2025-03-22,HOSP_001,Medical,29,31,96,70,36,8
2025-03-22,HOSP_001,Surgical,24,29,68,62,30,15
2025-03-22,HOSP_001,Pediatrics,21,20,52,36,24,5
2025-03-23,HOSP_001,Emergency,57,48,72,72,43,5
2025-03-23,HOSP_001,Medical,28,32,96,66,34,12
2025-03-23,HOSP_001,Surgical,24,25,68,61,29,13
2025-03-23,HOSP_001,Pediatrics,20,17,52,39,26,5
2025-03-24,HOSP_001,Emergency,50,44,72,72,44,10
2025-03-24,HOSP_001,Medical,34,33,96,67,38,14
2025-03-24,HOSP_001,Surgical,21,24,68,58,33,23
2025-03-24,HOSP_001,Pediatrics,24,22,52,41,26,9
2025-03-25,HOSP_001,Emergency,53,40,72,72,46,5
2025-03-25,HOSP_001,Medical,34,39,96,62,36,20
2025-03-25,HOSP_001,Surgical,26,21,68,63,32,25
2025-03-25,HOSP_001,Pediatrics,22,19,52,44,25,6
2025-03-26,HOSP_001,Emergency,50,46,72,72,47,13
2025-03-26,HOSP_001,Medical,34,34,96,62,35,18
2025-03-26,HOSP_001,Surgical,22,30,68,55,32,27
2025-03-26,HOSP_001,Pediatrics,25,23,52,46,22,7
2025-03-27,HOSP_001,Emergency,54,41,72,72,42,10
2025-03-27,HOSP_001,Medical,37,30,96,69,38,19
2025-03-27,HOSP_001,Surgical,29,20,68,64,31,26
2025-03-27,HOSP_001,Pediatrics,18,19,52,45,27,6
2025-03-28,HOSP_001,Emergency,43,40,72,72,40,13
2025-03-28,HOSP_001,Medical,37,34,96,72,39,18
2025-03-28,HOSP_001,Surgical,26,21,68,68,35,28
2025-03-28,HOSP_001,Pediatrics,22,20,52,47,25,11
2025-03-29,HOSP_001,Emergency,59,44,72,72,43,4
2025-03-29,HOSP_001,Medical,34,40,96,66,34,6
2025-03-29,HOSP_001,Surgical,21,29,68,60,32,12
2025-03-29,HOSP_001,Pediatrics,22,23,52,46,23,5
2025-03-30,HOSP_001,Emergency,54,37,72,72,46,7
2025-03-30,HOSP_001,Medical,34,32,96,68,38,8
2025-03-30,HOSP_001,Surgical,20,24,68,56,33,16
2025-03-30,HOSP_001,Pediatrics,25,13,52,52,27,6
2025-03-31,HOSP_001,Emergency,52,38,72,72,42,10
2025-03-31,HOSP_001,Medical,40,37,96,71,39,17
2025-03-31,HOSP_001,Surgical,20,20,68,56,35,25
2025-03-31,HOSP_001,Pediatrics,20,26,52,46,24,13
2025-04-01,HOSP_001,Emergency,50,43,72,72,44,14
2025-04-01,HOSP_001,Medical,30,41,96,60,34,15
2025-04-01,HOSP_001,Surgical,25,22,68,59,32,26
2025-04-01,HOSP_001,Pediatrics,19,25,52,40,24,10
2025-04-02,HOSP_001,Emergency,47,43,72,72,41,12
2025-04-02,HOSP_001,Medical,29,28,96,61,34,18
2025-04-02,HOSP_001,Surgical,26,28,68,57,30,25
2025-04-02,HOSP_001,Pediatrics,23,16,52,47,25,9
2025-04-03,HOSP_001,Emergency,50,42,72,72,45,12
2025-04-03,HOSP_001,Medical,36,30,96,67,36,15
2025-04-03,HOSP_001,Surgical,30,28,68,59,36,27
2025-04-03,HOSP_001,Pediatrics,21,30,52,38,27,6
2025-04-04,HOSP_001,Emergency,51,42,72,72,43,10
2025-04-04,HOSP_001,Medical,34,34,96,67,40,17
2025-04-04,HOSP_001,Surgical,25,24,68,60,32,23
2025-04-04,HOSP_001,Pediatrics,21,16,52,43,22,11
2025-04-05,HOSP_001,Emergency,62,43,72,72,45,4
2025-04-05,HOSP_001,Medical,31,35,96,63,36,11
2025-04-05,HOSP_001,Surgical,26,22,68,64,34,16
2025-04-05,HOSP_001,Pediatrics,23,23,52,43,25,6
2025-04-06,HOSP_001,Emergency,59,47,72,72,44,6
2025-04-06,HOSP_001,Medical,31,35,96,59,38,7
2025-04-06,HOSP_001,Surgical,21,18,68,67,30,15
2025-04-06,HOSP_001,Pediatrics,25,21,52,47,26,8
2025-04-07,HOSP_001,Emergency,48,34,72,72,42,11
2025-04-07,HOSP_001,Medical,39,37,96,61,37,15
2025-04-07,HOSP_001,Surgical,21,24,68,64,34,26
2025-04-07,HOSP_001,Pediatrics,19,24,52,42,24,8
2025-04-08,HOSP_001,Emergency,61,42,72,72,45,13
2025-04-08,HOSP_001,Medical,39,40,96,60,35,18
2025-04-08,HOSP_001,Surgical,25,25,68,64,30,23
2025-04-08,HOSP_001,Pediatrics,18,22,52,38,26,9
2025-04-09,HOSP_001,Emergency,49,43,72,72,42,8
2025-04-09,HOSP_001,Medical,35,32,96,63,38,15
2025-04-09,HOSP_001,Surgical,21,22,68,63,31,28
2025-04-09,HOSP_001,Pediatrics,21,17,52,42,23,8
2025-04-10,HOSP_001,Emergency,43,41,72,72,41,13
2025-04-10,HOSP_001,Medical,37,39,96,61,35,16
2025-04-10,HOSP_001,Surgical,24,23,68,64,28,24
2025-04-10,HOSP_001,Pediatrics,21,13,52,50,25,8
2025-04-11,HOSP_001,Emergency,52,42,72,72,41,12
2025-04-11,HOSP_001,Medical,28,31,96,58,37,14
2025-04-11,HOSP_001,Surgical,23,22,68,65,29,28
2025-04-11,HOSP_001,Pediatrics,17,22,52,45,26,7
2025-04-12,HOSP_001,Emergency,50,39,72,72,44,6
2025-04-12,HOSP_001,Medical,29,26,96,61,37,8
2025-04-12,HOSP_001,Surgical,24,21,68,68,30,13
2025-04-12,HOSP_001,Pediatrics,20,24,52,41,24,4
2025-04-13,HOSP_001,Emergency,55,41,72,72,44,6
2025-04-13,HOSP_001,Medical,28,33,96,56,38,7
2025-04-13,HOSP_001,Surgical,24,21,68,68,31,14
2025-04-13,HOSP_001,Pediatrics,22,23,52,40,24,0
2025-04-14,HOSP_001,Emergency,47,38,72,72,43,10
2025-04-14,HOSP_001,Medical,38,29,96,65,35,16
2025-04-14,HOSP_001,Surgical,25,26,68,67,30,25
2025-04-14,HOSP_001,Pediatrics,21,21,52,40,30,9
2025-04-15,HOSP_001,Emergency,65,46,72,72,44,9
2025-04-15,HOSP_001,Medical,37,38,96,64,35,16
2025-04-15,HOSP_001,Surgical,26,23,68,68,32,25
2025-04-15,HOSP_001,Pediatrics,17,22,52,35,24,6
2025-04-16,HOSP_001,Emergency,50,36,72,72,42,10
2025-04-16,HOSP_001,Medical,34,36,96,62,37,14
2025-04-16,HOSP_001,Surgical,26,23,68,68,35,24
2025-04-16,HOSP_001,Pediatrics,21,22,52,34,27,9
2025-04-17,HOSP_001,Emergency,43,41,72,72,46,9
2025-04-17,HOSP_001,Medical,30,32,96,60,33,17
2025-04-17,HOSP_001,Surgical,26,27,68,67,33,27
2025-04-17,HOSP_001,Pediatrics,25,19,52,40,22,8
2025-04-18,HOSP_001,Emergency,42,36,72,72,43,10
2025-04-18,HOSP_001,Medical,39,32,96,67,36,14
2025-04-18,HOSP_001,Surgical,21,22,68,66,31,23
2025-04-18,HOSP_001,Pediatrics,24,19,52,45,26,8
2025-04-19,HOSP_001,Emergency,52,41,72,72,42,8
2025-04-19,HOSP_001,Medical,33,29,96,71,37,8
2025-04-19,HOSP_001,Surgical,21,23,68,64,33,16
2025-04-19,HOSP_001,Pediatrics,22,21,52,46,30,3
2025-04-20,HOSP_001,Emergency,53,44,72,72,46,5
2025-04-20,HOSP_001,Medical,32,35,96,68,36,11
2025-04-20,HOSP_001,Surgical,18,23,68,59,30,14
2025-04-20,HOSP_001,Pediatrics,21,17,52,50,24,3
2025-04-21,HOSP_001,Emergency,60,43,72,72,41,9
2025-04-21,HOSP_001,Medical,31,30,96,69,34,19
2025-04-21,HOSP_001,Surgical,17,25,68,51,33,26
2025-04-21,HOSP_001,Pediatrics,19,20,52,49,26,7
2025-04-22,HOSP_001,Emergency,51,42,72,72,44,8
2025-04-22,HOSP_001,Medical,35,39,96,65,35,18
2025-04-22,HOSP_001,Surgical,23,23,68,51,32,23
2025-04-22,HOSP_001,Pediatrics,24,23,52,50,25,6
2025-04-23,HOSP_001,Emergency,45,46,72,71,42,12
2025-04-23,HOSP_001,Medical,34,33,96,66,37,13
2025-04-23,HOSP_001,Surgical,25,20,68,56,33,26
2025-04-23,HOSP_001,Pediatrics,23,26,52,47,23,8
2025-04-24,HOSP_001,Emergency,39,41,72,69,40,8
2025-04-24,HOSP_001,Medical,35,34,96,67,39,14
2025-04-24,HOSP_001,Surgical,22,23,68,55,31,25
2025-04-24,HOSP_001,Pediatrics,17,23,52,41,24,7
2025-04-25,HOSP_001,Emergency,50,41,72,72,39,7
2025-04-25,HOSP_001,Medical,35,34,96,68,33,13
2025-04-25,HOSP_001,Surgical,22,21,68,56,32,25
2025-04-25,HOSP_001,Pediatrics,20,21,52,40,23,7
2025-04-26,HOSP_001,Emergency,55,41,72,72,38,4
2025-04-26,HOSP_001,Medical,31,37,96,62,35,10
2025-04-26,HOSP_001,Surgical,24,17,68,63,32,11
2025-04-26,HOSP_001,Pediatrics,20,20,52,40,27,7
2025-04-27,HOSP_001,Emergency,55,43,72,72,39,5
2025-04-27,HOSP_001,Medical,24,30,96,56,33,8
2025-04-27,HOSP_001,Surgical,19,13,68,68,31,13
2025-04-27,HOSP_001,Pediatrics,22,23,52,39,29,6
2025-04-28,HOSP_001,Emergency,45,44,72,72,39,8
2025-04-28,HOSP_001,Medical,36,32,96,60,37,17
2025-04-28,HOSP_001,Surgical,24,27,68,65,30,21
2025-04-28,HOSP_001,Pediatrics,21,26,52,34,25,3
2025-04-29,HOSP_001,Emergency,50,44,72,72,45,8
2025-04-29,HOSP_001,Medical,38,29,96,69,39,15
2025-04-29,HOSP_001,Surgical,18,30,68,53,31,20
2025-04-29,HOSP_001,Pediatrics,22,20,52,36,24,5
2025-04-30,HOSP_001,Emergency,46,43,72,72,42,12
2025-04-30,HOSP_001,Medical,33,37,96,65,35,13
2025-04-30,HOSP_001,Surgical,23,21,68,55,33,23
2025-04-30,HOSP_001,Pediatrics,23,19,52,40,26,10
2025-05-01,HOSP_001,Emergency,44,42,72,72,40,8
2025-05-01,HOSP_001,Medical,36,38,96,63,38,16
2025-05-01,HOSP_001,Surgical,22,26,68,51,32,23
2025-05-01,HOSP_001,Pediatrics,23,22,52,41,28,7
2025-05-02,HOSP_001,Emergency,53,44,72,72,41,9
2025-05-02,HOSP_001,Medical,37,31,96,69,37,12
2025-05-02,HOSP_001,Surgical,22,26,68,47,31,27
2025-05-02,HOSP_001,Pediatrics,19,20,52,40,25,6
2025-05-03,HOSP_001,Emergency,48,41,72,72,45,5
2025-05-03,HOSP_001,Medical,34,35,96,68,35,8
2025-05-03,HOSP_001,Surgical,20,17,68,50,31,18
2025-05-03,HOSP_001,Pediatrics,23,22,52,41,28,7
2025-05-04,HOSP_001,Emergency,52,34,72,72,43,7
2025-05-04,HOSP_001,Medical,28,25,96,71,38,10
2025-05-04,HOSP_001,Surgical,19,24,68,45,29,12
2025-05-04,HOSP_001,Pediatrics,22,21,52,42,26,6
2025-05-05,HOSP_001,Emergency,44,42,72,72,44,9
2025-05-05,HOSP_001,Medical,37,33,96,75,35,15
2025-05-05,HOSP_001,Surgical,25,22,68,48,32,25
2025-05-05,HOSP_001,Pediatrics,23,20,52,45,27,8
2025-05-06,HOSP_001,Emergency,53,41,72,72,41,13
2025-05-06,HOSP_001,Medical,31,31,96,75,35,15
2025-05-06,HOSP_001,Surgical,19,16,68,51,28,25
2025-05-06,HOSP_001,Pediatrics,23,24,52,44,26,3
2025-05-07,HOSP_001,Emergency,44,39,72,72,44,9
2025-05-07,HOSP_001,Medical,36,33,96,78,37,16
2025-05-07,HOSP_001,Surgical,25,24,68,52,30,23
2025-05-07,HOSP_001,Pediatrics,15,27,52,32,25,5
2025-05-08,HOSP_001,Emergency,46,40,72,72,45,9
2025-05-08,HOSP_001,Medical,38,36,96,80,39,13
2025-05-08,HOSP_001,Surgical,23,20,68,55,26,22
2025-05-08,HOSP_001,Pediatrics,21,18,52,35,24,7
2025-05-09,HOSP_001,Emergency,49,46,72,72,45,11
2025-05-09,HOSP_001,Medical,35,44,96,71,36,13
2025-05-09,HOSP_001,Surgical,24,24,68,55,34,25
2025-05-09,HOSP_001,Pediatrics,17,21,52,31,23,9
2025-05-10,HOSP_001,Emergency,56,46,72,72,44,8
2025-05-10,HOSP_001,Medical,32,33,96,70,34,10
2025-05-10,HOSP_001,Surgical,23,21,68,57,31,11
2025-05-10,HOSP_001,Pediatrics,23,22,52,32,23,3
2025-05-11,HOSP_001,Emergency,59,40,72,72,45,4
2025-05-11,HOSP_001,Medical,27,28,96,69,35,4
2025-05-11,HOSP_001,Surgical,21,26,68,52,27,14
2025-05-11,HOSP_001,Pediatrics,17,17,52,32,23,6
2025-05-12,HOSP_001,Emergency,42,38,72,72,43,8
2025-05-12,HOSP_001,Medical,33,33,96,69,39,14
2025-05-12,HOSP_001,Surgical,22,18,68,56,32,25
2025-05-12,HOSP_001,Pediatrics,17,14,52,35,30,7
2025-05-13,HOSP_001,Emergency,50,37,72,72,40,8
2025-05-13,HOSP_001,Medical,36,32,96,73,40,15
2025-05-13,HOSP_001,Surgical,18,21,68,53,30,25
2025-05-13,HOSP_001,Pediatrics,19,23,52,31,26,6
2025-05-14,HOSP_001,Emergency,41,43,72,70,45,8
2025-05-14,HOSP_001,Medical,27,36,96,64,37,13
2025-05-14,HOSP_001,Surgical,21,22,68,52,29,24
2025-05-14,HOSP_001,Pediatrics,16,15,52,32,25,10
2025-05-15,HOSP_001,Emergency,42,34,72,72,41,10
2025-05-15,HOSP_001,Medical,36,30,96,70,38,13
2025-05-15,HOSP_001,Surgical,22,25,68,49,32,26
2025-05-15,HOSP_001,Pediatrics,23,18,52,37,26,7
2025-05-16,HOSP_001,Emergency,42,39,72,72,45,8
2025-05-16,HOSP_001,Medical,31,39,96,62,39,17
2025-05-16,HOSP_001,Surgical,21,21,68,49,30,26
2025-05-16,HOSP_001,Pediatrics,17,18,52,36,27,3
2025-05-17,HOSP_001,Emergency,52,42,72,72,43,3
2025-05-17,HOSP_001,Medical,25,33,96,54,34,8
2025-05-17,HOSP_001,Surgical,18,16,68,51,32,13
2025-05-17,HOSP_001,Pediatrics,20,12,52,44,27,5
2025-05-18,HOSP_001,Emergency,56,42,72,72,42,5
2025-05-18,HOSP_001,Medical,31,27,96,58,37,5
2025-05-18,HOSP_001,Surgical,19,21,68,49,31,14
2025-05-18,HOSP_001,Pediatrics,19,22,52,41,24,7
2025-05-19,HOSP_001,Emergency,46,41,72,72,41,10
2025-05-19,HOSP_001,Medical,30,35,96,53,37,14
2025-05-19,HOSP_001,Surgical,22,21,68,50,32,26
2025-05-19,HOSP_001,Pediatrics,16,18,52,39,25,8
2025-05-20,HOSP_001,Emergency,46,40,72,72,47,9
2025-05-20,HOSP_001,Medical,31,26,96,58,36,13
2025-05-20,HOSP_001,Surgical,25,21,68,54,30,24
2025-05-20,HOSP_001,Pediatrics,15,21,52,33,26,6
2025-05-21,HOSP_001,Emergency,50,40,72,72,42,9
2025-05-21,HOSP_001,Medical,35,31,96,62,38,13
2025-05-21,HOSP_001,Surgical,21,26,68,49,29,25
2025-05-21,HOSP_001,Pediatrics,21,18,52,36,25,7
2025-05-22,HOSP_001,Emergency,45,37,72,72,42,10
2025-05-22,HOSP_001,Medical,34,32,96,64,35,12
2025-05-22,HOSP_001,Surgical,24,19,68,54,32,26
2025-05-22,HOSP_001,Pediatrics,19,19,52,36,24,11
2025-05-23,HOSP_001,Emergency,39,42,72,69,42,10
2025-05-23,HOSP_001,Medical,33,30,96,67,37,12
2025-05-23,HOSP_001,Surgical,16,25,68,45,29,28
2025-05-23,HOSP_001,Pediatrics,16,16,52,36,24,6
2025-05-24,HOSP_001,Emergency,47,41,72,72,44,7
2025-05-24,HOSP_001,Medical,28,30,96,65,39,9
2025-05-24,HOSP_001,Surgical,22,18,68,49,30,13
2025-05-24,HOSP_001,Pediatrics,17,21,52,32,23,3
2025-05-25,HOSP_001,Emergency,54,47,72,72,45,7
2025-05-25,HOSP_001,Medical,27,36,96,56,37,2
2025-05-25,HOSP_001,Surgical,20,22,68,47,28,13
2025-05-25,HOSP_001,Pediatrics,24,13,52,43,22,3
2025-05-26,HOSP_001,Emergency,41,40,72,72,41,11
2025-05-26,HOSP_001,Medical,28,32,96,52,35,15
2025-05-26,HOSP_001,Surgical,17,16,68,48,32,25
2025-05-26,HOSP_001,Pediatrics,21,24,52,40,23,2
2025-05-27,HOSP_001,Emergency,32,39,72,65,44,11
2025-05-27,HOSP_001,Medical,34,28,96,58,34,17
2025-05-27,HOSP_001,Surgical,24,18,68,54,28,22
2025-05-27,HOSP_001,Pediatrics,16,19,52,37,28,9
2025-05-28,HOSP_001,Emergency,51,38,72,72,46,12
2025-05-28,HOSP_001,Medical,30,31,96,57,38,15
2025-05-28,HOSP_001,Surgical,21,22,68,53,32,22
2025-05-28,HOSP_001,Pediatrics,16,20,52,33,25,6
2025-05-29,HOSP_001,Emergency,36,37,72,71,42,8
2025-05-29,HOSP_001,Medical,33,27,96,63,41,15
2025-05-29,HOSP_001,Surgical,21,22,68,52,30,24
2025-05-29,HOSP_001,Pediatrics,23,16,52,40,25,8
2025-05-30,HOSP_001,Emergency,50,38,72,72,44,9
2025-05-30,HOSP_001,Medical,29,30,96,62,37,13
2025-05-30,HOSP_001,Surgical,18,21,68,49,28,24
2025-05-30,HOSP_001,Pediatrics,15,12,52,43,26,8
2025-05-31,HOSP_001,Emergency,46,41,72,72,42,3
2025-05-31,HOSP_001,Medical,28,35,96,55,38,8
2025-05-31,HOSP_001,Surgical,21,27,68,43,28,11
2025-05-31,HOSP_001,Pediatrics,21,19,52,45,27,5
2025-06-01,HOSP_001,Emergency,46,40,72,72,42,5
2025-06-01,HOSP_001,Medical,30,36,96,49,34,8
2025-06-01,HOSP_001,Surgical,19,19,68,43,32,8
2025-06-01,HOSP_001,Pediatrics,17,20,52,42,25,6
2025-06-02,HOSP_001,Emergency,46,40,72,72,41,13
2025-06-02,HOSP_001,Medical,29,27,96,51,35,14
2025-06-02,HOSP_001,Surgical,23,13,68,53,31,24
2025-06-02,HOSP_001,Pediatrics,18,22,52,38,26,8
2025-06-03,HOSP_001,Emergency,43,41,72,72,40,8
2025-06-03,HOSP_001,Medical,33,31,96,53,34,12
2025-06-03,HOSP_001,Surgical,23,19,68,57,31,24
2025-06-03,HOSP_001,Pediatrics,25,17,52,46,23,2
2025-06-04,HOSP_001,Emergency,42,39,72,72,40,8
2025-06-04,HOSP_001,Medical,35,28,96,60,36,10
2025-06-04,HOSP_001,Surgical,19,18,68,58,33,22
2025-06-04,HOSP_001,Pediatrics,17,23,52,40,21,5
2025-06-05,HOSP_001,Emergency,40,37,72,72,39,7
2025-06-05,HOSP_001,Medical,28,31,96,57,35,14
2025-06-05,HOSP_001,Surgical,20,24,68,54,31,21
2025-06-05,HOSP_001,Pediatrics,19,24,52,35,23,5
2025-06-06,HOSP_001,Emergency,41,38,72,72,46,10
2025-06-06,HOSP_001,Medical,32,24,96,65,39,14
2025-06-06,HOSP_001,Surgical,21,20,68,55,32,26
2025-06-06,HOSP_001,Pediatrics,10,16,52,29,27,9
2025-06-07,HOSP_001,Emergency,43,39,72,72,47,4
2025-06-07,HOSP_001,Medical,26,26,96,65,32,8
2025-06-07,HOSP_001,Surgical,19,21,68,53,31,18
2025-06-07,HOSP_001,Pediatrics,23,15,52,37,28,6
2025-06-08,HOSP_001,Emergency,49,39,72,72,41,5
2025-06-08,HOSP_001,Medical,26,32,96,59,32,10
2025-06-08,HOSP_001,Surgical,24,23,68,54,31,14
2025-06-08,HOSP_001,Pediatrics,19,14,52,42,24,5
2025-06-09,HOSP_001,Emergency,50,44,72,72,41,10
2025-06-09,HOSP_001,Medical,29,36,96,52,38,15
2025-06-09,HOSP_001,Surgical,20,14,68,60,30,25
2025-06-09,HOSP_001,Pediatrics,14,14,52,42,25,6
2025-06-10,HOSP_001,Emergency,42,42,72,72,41,10
2025-06-10,HOSP_001,Medical,30,29,96,53,35,13
2025-06-10,HOSP_001,Surgical,15,20,68,55,31,23
2025-06-10,HOSP_001,Pediatrics,16,17,52,41,26,8
2025-06-11,HOSP_001,Emergency,49,38,72,72,43,11
2025-06-11,HOSP_001,Medical,28,27,96,54,38,13
2025-06-11,HOSP_001,Surgical,19,20,68,54,30,22
2025-06-11,HOSP_001,Pediatrics,18,18,52,41,26,10
2025-06-12,HOSP_001,Emergency,50,46,72,72,43,10
2025-06-12,HOSP_001,Medical,27,29,96,52,37,15
2025-06-12,HOSP_001,Surgical,20,23,68,51,28,22
2025-06-12,HOSP_001,Pediatrics,16,16,52,41,25,6
2025-06-13,HOSP_001,Emergency,43,38,72,72,42,11
2025-06-13,HOSP_001,Medical,30,26,96,56,35,12
2025-06-13,HOSP_001,Surgical,17,14,68,54,30,23
2025-06-13,HOSP_001,Pediatrics,18,27,52,32,24,7
2025-06-14,HOSP_001,Emergency,46,44,72,72,45,5
2025-06-14,HOSP_001,Medical,27,28,96,55,33,10
2025-06-14,HOSP_001,Surgical,25,22,68,57,30,10
2025-06-14,HOSP_001,Pediatrics,22,17,52,37,24,5
2025-06-15,HOSP_001,Emergency,44,40,72,72,42,3
2025-06-15,HOSP_001,Medical,28,28,96,55,37,10
2025-06-15,HOSP_001,Surgical,19,19,68,57,33,13
2025-06-15,HOSP_001,Pediatrics,21,20,52,38,21,3
2025-06-16,HOSP_001,Emergency,38,41,72,69,38,6
2025-06-16,HOSP_001,Medical,31,33,96,53,35,15
2025-06-16,HOSP_001,Surgical,22,19,68,60,30,24
2025-06-16,HOSP_001,Pediatrics,16,17,52,37,24,4
2025-06-17,HOSP_001,Emergency,42,41,72,70,39,8
2025-06-17,HOSP_001,Medical,33,27,96,59,33,15
2025-06-17,HOSP_001,Surgical,21,17,68,64,31,19
2025-06-17,HOSP_001,Pediatrics,23,19,52,41,26,8
2025-06-18,HOSP_001,Emergency,42,36,72,72,44,14
2025-06-18,HOSP_001,Medical,27,26,96,60,35,15
2025-06-18,HOSP_001,Surgical,25,27,68,62,32,20
2025-06-18,HOSP_001,Pediatrics,16,18,52,39,26,8
2025-06-19,HOSP_001,Emergency,45,40,72,72,45,6
2025-06-19,HOSP_001,Medical,33,32,96,61,34,11
2025-06-19,HOSP_001,Surgical,19,21,68,60,29,23
2025-06-19,HOSP_001,Pediatrics,16,16,52,39,21,7
2025-06-20,HOSP_001,Emergency,52,38,72,72,43,11
2025-06-20,HOSP_001,Medical,33,32,96,62,38,11
2025-06-20,HOSP_001,Surgical,18,22,68,56,31,23
2025-06-20,HOSP_001,Pediatrics,16,19,52,36,26,9
2025-06-21,HOSP_001,Emergency,51,41,72,72,46,4
2025-06-21,HOSP_001,Medical,25,30,96,57,37,6
2025-06-21,HOSP_001,Surgical,16,24,68,48,29,13
2025-06-21,HOSP_001,Pediatrics,19,18,52,37,24,5
2025-06-22,HOSP_001,Emergency,38,30,72,72,42,3
2025-06-22,HOSP_001,Medical,24,28,96,53,36,9
2025-06-22,HOSP_001,Surgical,18,20,68,46,30,12
2025-06-22,HOSP_001,Pediatrics,16,23,52,30,23,5
2025-06-23,HOSP_001,Emergency,48,41,72,72,45,6
2025-06-23,HOSP_001,Medical,28,28,96,53,36,12
2025-06-23,HOSP_001,Surgical,22,25,68,43,35,23
2025-06-23,HOSP_001,Pediatrics,15,17,52,28,25,11
2025-06-24,HOSP_001,Emergency,42,39,72,72,43,7
2025-06-24,HOSP_001,Medical,27,29,96,51,37,13
2025-06-24,HOSP_001,Surgical,14,17,68,40,27,22
2025-06-24,HOSP_001,Pediatrics,16,14,52,30,26,11
2025-06-25,HOSP_001,Emergency,39,39,72,72,39,7
2025-06-25,HOSP_001,Medical,34,30,96,55,32,12
2025-06-25,HOSP_001,Surgical,19,19,68,40,30,24
2025-06-25,HOSP_001,Pediatrics,21,20,52,31,25,9
2025-06-26,HOSP_001,Emergency,42,40,72,72,41,9
2025-06-26,HOSP_001,Medical,33,24,96,64,37,11
2025-06-26,HOSP_001,Surgical,19,17,68,42,30,20
2025-06-26,HOSP_001,Pediatrics,15,19,52,27,26,10
2025-06-27,HOSP_001,Emergency,44,41,72,72,42,6
2025-06-27,HOSP_001,Medical,26,31,96,59,33,16
2025-06-27,HOSP_001,Surgical,17,18,68,41,32,21
2025-06-27,HOSP_001,Pediatrics,16,15,52,28,27,1
2025-06-28,HOSP_001,Emergency,44,44,72,72,38,3
2025-06-28,HOSP_001,Medical,29,34,96,54,35,5
2025-06-28,HOSP_001,Surgical,18,16,68,43,32,10
2025-06-28,HOSP_001,Pediatrics,16,7,52,37,25,5
2025-06-29,HOSP_001,Emergency,46,37,72,72,40,3
2025-06-29,HOSP_001,Medical,31,30,96,55,38,8
2025-06-29,HOSP_001,Surgical,16,15,68,44,26,14
2025-06-29,HOSP_001,Pediatrics,18,19,52,36,22,4
2025-06-30,HOSP_001,Emergency,45,38,72,72,42,9
2025-06-30,HOSP_001,Medical,29,32,96,52,33,12
2025-06-30,HOSP_001,Surgical,22,21,68,45,30,18
2025-06-30,HOSP_001,Pediatrics,17,14,52,39,24,5
2025-07-01,HOSP_001,Emergency,35,32,72,72,42,9
2025-07-01,HOSP_001,Medical,28,30,96,50,33,14
2025-07-01,HOSP_001,Surgical,20,17,68,48,31,23
2025-07-01,HOSP_001,Pediatrics,19,17,52,41,25,9
2025-07-02,HOSP_001,Emergency,44,46,72,70,42,7
2025-07-02,HOSP_001,Medical,29,29,96,50,38,12
2025-07-02,HOSP_001,Surgical,22,20,68,50,26,21
2025-07-02,HOSP_001,Pediatrics,16,22,52,35,28,8
2025-07-03,HOSP_001,Emergency,41,42,72,69,42,10
2025-07-03,HOSP_001,Medical,26,21,96,55,36,17
2025-07-03,HOSP_001,Surgical,23,13,68,60,31,22
2025-07-03,HOSP_001,Pediatrics,16,20,52,31,23,1
2025-07-04,HOSP_001,Emergency,39,39,72,69,44,8
2025-07-04,HOSP_001,Medical,27,24,96,58,37,12
2025-07-04,HOSP_001,Surgical,15,23,68,52,28,21
2025-07-04,HOSP_001,Pediatrics,17,19,52,29,25,9
2025-07-05,HOSP_001,Emergency,48,40,72,72,42,5
2025-07-05,HOSP_001,Medical,31,29,96,60,38,5
2025-07-05,HOSP_001,Surgical,8,21,68,39,30,14
2025-07-05,HOSP_001,Pediatrics,14,12,52,31,26,4
2025-07-06,HOSP_001,Emergency,35,37,72,70,40,5
2025-07-06,HOSP_001,Medical,28,31,96,57,41,5
2025-07-06,HOSP_001,Surgical,23,18,68,44,31,9
2025-07-06,HOSP_001,Pediatrics,17,19,52,29,24,4
2025-07-07,HOSP_001,Emergency,40,35,72,72,42,10
2025-07-07,HOSP_001,Medical,36,29,96,64,38,15
2025-07-07,HOSP_001,Surgical,19,16,68,47,29,18
2025-07-07,HOSP_001,Pediatrics,13,18,52,24,27,4
2025-07-08,HOSP_001,Emergency,43,38,72,72,43,8
2025-07-08,HOSP_001,Medical,31,28,96,67,37,11
2025-07-08,HOSP_001,Surgical,19,15,68,51,32,20
2025-07-08,HOSP_001,Pediatrics,14,17,52,21,23,5
2025-07-09,HOSP_001,Emergency,44,36,72,72,40,2
2025-07-09,HOSP_001,Medical,30,32,96,65,40,12
2025-07-09,HOSP_001,Surgical,17,16,68,52,30,21
2025-07-09,HOSP_001,Pediatrics,17,13,52,25,25,7
2025-07-10,HOSP_001,Emergency,39,36,72,72,43,12
2025-07-10,HOSP_001,Medical,34,33,96,66,36,14
2025-07-10,HOSP_001,Surgical,15,23,68,44,29,18
2025-07-10,HOSP_001,Pediatrics,21,15,52,31,25,7
2025-07-11,HOSP_001,Emergency,44,41,72,72,41,3
2025-07-11,HOSP_001,Medical,33,40,96,59,38,11
2025-07-11,HOSP_001,Surgical,18,22,68,40,31,25
2025-07-11,HOSP_001,Pediatrics,17,8,52,40,26,8
2025-07-12,HOSP_001,Emergency,42,38,72,72,41,5
2025-07-12,HOSP_001,Medical,27,27,96,59,35,9
2025-07-12,HOSP_001,Surgical,15,15,68,40,30,12
2025-07-12,HOSP_001,Pediatrics,20,18,52,42,25,1
2025-07-13,HOSP_001,Emergency,46,36,72,72,41,4
2025-07-13,HOSP_001,Medical,24,26,96,57,33,6
2025-07-13,HOSP_001,Surgical,17,12,68,45,31,10
2025-07-13,HOSP_001,Pediatrics,13,17,52,38,25,5
2025-07-14,HOSP_001,Emergency,34,40,72,66,40,8
2025-07-14,HOSP_001,Medical,35,30,96,62,37,14
2025-07-14,HOSP_001,Surgical,21,19,68,47,33,22
2025-07-14,HOSP_001,Pediatrics,21,16,52,43,27,8
2025-07-15,HOSP_001,Emergency,31,31,72,66,41,11
2025-07-15,HOSP_001,Medical,26,30,96,58,33,16
2025-07-15,HOSP_001,Surgical,16,19,68,44,30,20
2025-07-15,HOSP_001,Pediatrics,15,21,52,37,24,9
2025-07-16,HOSP_001,Emergency,40,31,72,72,44,8
2025-07-16,HOSP_001,Medical,24,25,96,57,37,16
2025-07-16,HOSP_001,Surgical,14,12,68,46,32,23
2025-07-16,HOSP_001,Pediatrics,13,13,52,37,24,6
2025-07-17,HOSP_001,Emergency,34,32,72,72,38,11
2025-07-17,HOSP_001,Medical,29,26,96,60,33,16
2025-07-17,HOSP_001,Surgical,23,18,68,51,31,20
2025-07-17,HOSP_001,Pediatrics,21,24,52,34,27,7
2025-07-18,HOSP_001,Emergency,44,37,72,72,42,10
2025-07-18,HOSP_001,Medical,33,32,96,61,37,14
2025-07-18,HOSP_001,Surgical,26,19,68,58,31,19
2025-07-18,HOSP_001,Pediatrics,13,17,52,30,22,5
2025-07-19,HOSP_001,Emergency,44,42,72,72,43,5
2025-07-19,HOSP_001,Medical,23,25,96,59,33,8
2025-07-19,HOSP_001,Surgical,21,23,68,56,33,11
2025-07-19,HOSP_001,Pediatrics,15,13,52,32,24,4
2025-07-20,HOSP_001,Emergency,38,42,72,68,41,0
2025-07-20,HOSP_001,Medical,22,23,96,58,34,3
2025-07-20,HOSP_001,Surgical,24,20,68,60,31,11
2025-07-20,HOSP_001,Pediatrics,20,18,52,34,26,8
2025-07-21,HOSP_001,Emergency,49,42,72,72,42,11
2025-07-21,HOSP_001,Medical,36,33,96,61,35,16
2025-07-21,HOSP_001,Surgical,14,19,68,55,30,18
2025-07-21,HOSP_001,Pediatrics,16,21,52,29,26,5
2025-07-22,HOSP_001,Emergency,44,40,72,72,42,9
2025-07-22,HOSP_001,Medical,32,36,96,57,35,16
2025-07-22,HOSP_001,Surgical,21,20,68,56,27,22
2025-07-22,HOSP_001,Pediatrics,16,21,52,24,23,6
2025-07-23,HOSP_001,Emergency,43,38,72,72,43,8
2025-07-23,HOSP_001,Medical,30,23,96,64,39,11
2025-07-23,HOSP_001,Surgical,18,22,68,52,33,21
2025-07-23,HOSP_001,Pediatrics,15,12,52,27,24,7
2025-07-24,HOSP_001,Emergency,35,36,72,71,40,7
2025-07-24,HOSP_001,Medical,30,30,96,64,32,12
2025-07-24,HOSP_001,Surgical,21,18,68,55,30,21
2025-07-24,HOSP_001,Pediatrics,18,14,52,31,22,7
2025-07-25,HOSP_001,Emergency,42,38,72,72,44,10
2025-07-25,HOSP_001,Medical,34,37,96,61,36,15
2025-07-25,HOSP_001,Surgical,19,23,68,51,30,20
2025-07-25,HOSP_001,Pediatrics,21,16,52,36,26,4
2025-07-26,HOSP_001,Emergency,38,43,72,67,42,3
2025-07-26,HOSP_001,Medical,25,32,96,54,35,6
2025-07-26,HOSP_001,Surgical,17,19,68,49,31,11
2025-07-26,HOSP_001,Pediatrics,17,23,52,30,26,4
2025-07-27,HOSP_001,Emergency,45,38,72,72,44,6
2025-07-27,HOSP_001,Medical,26,32,96,48,36,7
2025-07-27,HOSP_001,Surgical,19,19,68,49,29,14
2025-07-27,HOSP_001,Pediatrics,18,18,52,30,26,3
2025-07-28,HOSP_001,Emergency,45,35,72,72,42,10
2025-07-28,HOSP_001,Medical,25,23,96,50,35,16
2025-07-28,HOSP_001,Surgical,16,18,68,47,29,22
2025-07-28,HOSP_001,Pediatrics,17,11,52,36,22,7
2025-07-29,HOSP_001,Emergency,39,37,72,72,41,9
2025-07-29,HOSP_001,Medical,24,29,96,45,34,12
2025-07-29,HOSP_001,Surgical,22,17,68,52,34,24
2025-07-29,HOSP_001,Pediatrics,17,20,52,33,23,5
2025-07-30,HOSP_001,Emergency,31,35,72,68,42,10
2025-07-30,HOSP_001,Medical,28,29,96,44,35,9
2025-07-30,HOSP_001,Surgical,22,19,68,55,35,23
2025-07-30,HOSP_001,Pediatrics,18,20,52,31,24,7
2025-07-31,HOSP_001,Emergency,43,36,72,72,42,9
2025-07-31,HOSP_001,Medical,27,25,96,46,35,14
2025-07-31,HOSP_001,Surgical,22,21,68,56,30,20
2025-07-31,HOSP_001,Pediatrics,14,10,52,35,23,6
2025-08-01,HOSP_001,Emergency,41,40,72,72,42,10
2025-08-01,HOSP_001,Medical,27,22,96,51,38,12
2025-08-01,HOSP_001,Surgical,21,27,68,50,29,20
2025-08-01,HOSP_001,Pediatrics,16,20,52,31,24,7
2025-08-02,HOSP_001,Emergency,45,43,72,72,41,0
2025-08-02,HOSP_001,Medical,28,30,96,49,34,7
2025-08-02,HOSP_001,Surgical,20,21,68,49,31,10
2025-08-02,HOSP_001,Pediatrics,18,19,52,30,25,2
2025-08-03,HOSP_001,Emergency,46,35,72,72,42,2
2025-08-03,HOSP_001,Medical,24,26,96,47,35,7
2025-08-03,HOSP_001,Surgical,15,17,68,47,26,13
2025-08-03,HOSP_001,Pediatrics,20,22,52,28,23,3
2025-08-04,HOSP_001,Emergency,39,38,72,72,43,6
2025-08-04,HOSP_001,Medical,30,27,96,50,35,15
2025-08-04,HOSP_001,Surgical,17,16,68,48,32,22
2025-08-04,HOSP_001,Pediatrics,19,16,52,31,27,7
2025-08-05,HOSP_001,Emergency,42,37,72,72,41,6
2025-08-05,HOSP_001,Medical,30,25,96,55,35,13
2025-08-05,HOSP_001,Surgical,16,19,68,45,30,22
2025-08-05,HOSP_001,Pediatrics,16,17,52,30,24,6
2025-08-06,HOSP_001,Emergency,42,40,72,72,42,10
2025-08-06,HOSP_001,Medical,29,31,96,53,35,16
2025-08-06,HOSP_001,Surgical,20,16,68,49,34,23
2025-08-06,HOSP_001,Pediatrics,18,14,52,34,23,6
2025-08-07,HOSP_001,Emergency,36,42,72,66,42,4
2025-08-07,HOSP_001,Medical,33,31,96,55,33,14
2025-08-07,HOSP_001,Surgical,21,23,68,47,28,21
2025-08-07,HOSP_001,Pediatrics,16,17,52,33,24,10
2025-08-08,HOSP_001,Emergency,40,33,72,72,43,10
2025-08-08,HOSP_001,Medical,35,35,96,55,38,12
2025-08-08,HOSP_001,Surgical,22,20,68,49,26,22
2025-08-08,HOSP_001,Pediatrics,13,19,52,27,24,3
2025-08-09,HOSP_001,Emergency,47,42,72,72,41,4
2025-08-09,HOSP_001,Medical,26,26,96,55,37,5
2025-08-09,HOSP_001,Surgical,17,26,68,40,26,11
2025-08-09,HOSP_001,Pediatrics,18,21,52,24,24,6
2025-08-10,HOSP_001,Emergency,46,43,72,72,40,4
2025-08-10,HOSP_001,Medical,24,28,96,51,37,10
2025-08-10,HOSP_001,Surgical,20,12,68,48,28,11
2025-08-10,HOSP_001,Pediatrics,22,12,52,34,25,3
2025-08-11,HOSP_001,Emergency,46,42,72,72,41,6
2025-08-11,HOSP_001,Medical,29,31,96,49,34,13
2025-08-11,HOSP_001,Surgical,21,19,68,50,30,22
2025-08-11,HOSP_001,Pediatrics,18,12,52,40,23,7
2025-08-12,HOSP_001,Emergency,47,43,72,72,41,9
2025-08-12,HOSP_001,Medical,29,26,96,52,34,13
2025-08-12,HOSP_001,Surgical,20,22,68,48,30,21
2025-08-12,HOSP_001,Pediatrics,16,16,52,40,27,9
2025-08-13,HOSP_001,Emergency,38,34,72,72,44,10
2025-08-13,HOSP_001,Medical,29,25,96,56,35,13
2025-08-13,HOSP_001,Surgical,20,21,68,47,31,21
2025-08-13,HOSP_001,Pediatrics,15,22,52,33,26,6
2025-08-14,HOSP_001,Emergency,37,37,72,72,44,6
2025-08-14,HOSP_001,Medical,28,28,96,56,37,14
2025-08-14,HOSP_001,Surgical,20,19,68,48,33,21
2025-08-14,HOSP_001,Pediatrics,13,13,52,33,24,7
2025-08-15,HOSP_001,Emergency,45,35,72,72,44,10
2025-08-15,HOSP_001,Medical,29,31,96,54,32,13
2025-08-15,HOSP_001,Surgical,18,18,68,48,31,20
2025-08-15,HOSP_001,Pediatrics,17,14,52,36,24,8
2025-08-16,HOSP_001,Emergency,47,42,72,72,39,4
2025-08-16,HOSP_001,Medical,25,20,96,59,36,5
2025-08-16,HOSP_001,Surgical,16,16,68,48,30,16
2025-08-16,HOSP_001,Pediatrics,18,20,52,34,22,3
2025-08-17,HOSP_001,Emergency,38,36,72,72,42,3
2025-08-17,HOSP_001,Medical,28,30,96,57,37,5
2025-08-17,HOSP_001,Surgical,17,20,68,45,27,12
2025-08-17,HOSP_001,Pediatrics,24,21,52,37,26,1
2025-08-18,HOSP_001,Emergency,35,34,72,72,41,7
2025-08-18,HOSP_001,Medical,25,24,96,58,34,13
2025-08-18,HOSP_001,Surgical,23,18,68,50,32,25
2025-08-18,HOSP_001,Pediatrics,18,18,52,37,22,11
2025-08-19,HOSP_001,Emergency,41,39,72,72,41,8
2025-08-19,HOSP_001,Medical,33,31,96,60,34,14
2025-08-19,HOSP_001,Surgical,18,19,68,49,33,18
2025-08-19,HOSP_001,Pediatrics,22,22,52,37,27,6
2025-08-20,HOSP_001,Emergency,33,34,72,71,37,9
2025-08-20,HOSP_001,Medical,31,31,96,60,40,14
2025-08-20,HOSP_001,Surgical,21,16,68,54,29,21
2025-08-20,HOSP_001,Pediatrics,17,22,52,32,26,9
2025-08-21,HOSP_001,Emergency,44,38,72,72,39,8
2025-08-21,HOSP_001,Medical,31,29,96,62,33,11
2025-08-21,HOSP_001,Surgical,20,22,68,52,28,21
2025-08-21,HOSP_001,Pediatrics,13,12,52,33,23,5
2025-08-22,HOSP_001,Emergency,42,39,72,72,39,9
2025-08-22,HOSP_001,Medical,32,35,96,59,36,11
2025-08-22,HOSP_001,Surgical,20,17,68,55,31,25
2025-08-22,HOSP_001,Pediatrics,17,14,52,36,22,9
2025-08-23,HOSP_001,Emergency,41,35,72,72,42,5
2025-08-23,HOSP_001,Medical,25,31,96,53,34,5
2025-08-23,HOSP_001,Surgical,21,21,68,55,31,14
2025-08-23,HOSP_001,Pediatrics,23,18,52,41,23,7
2025-08-24,HOSP_001,Emergency,43,45,72,70,43,7
2025-08-24,HOSP_001,Medical,27,28,96,52,34,11
2025-08-24,HOSP_001,Surgical,15,23,68,47,31,13
2025-08-24,HOSP_001,Pediatrics,21,17,52,45,24,3
2025-08-25,HOSP_001,Emergency,49,43,72,72,41,8
2025-08-25,HOSP_001,Medical,31,35,96,48,35,15
2025-08-25,HOSP_001,Surgical,23,20,68,50,32,21
2025-08-25,HOSP_001,Pediatrics,18,20,52,43,29,5
2025-08-26,HOSP_001,Emergency,44,35,72,72,45,9
2025-08-26,HOSP_001,Medical,34,30,96,52,38,13
2025-08-26,HOSP_001,Surgical,18,17,68,51,25,25
2025-08-26,HOSP_001,Pediatrics,16,18,52,41,23,6
2025-08-27,HOSP_001,Emergency,43,41,72,72,43,13
2025-08-27,HOSP_001,Medical,28,22,96,58,37,16
2025-08-27,HOSP_001,Surgical,20,15,68,56,33,20
2025-08-27,HOSP_001,Pediatrics,20,22,52,39,25,11
2025-08-28,HOSP_001,Emergency,41,39,72,72,41,8
2025-08-28,HOSP_001,Medical,30,31,96,57,34,14
2025-08-28,HOSP_001,Surgical,19,20,68,55,31,20
2025-08-28,HOSP_001,Pediatrics,13,18,52,34,25,9
2025-08-29,HOSP_001,Emergency,44,48,72,68,41,6
2025-08-29,HOSP_001,Medical,29,32,96,54,38,12
2025-08-29,HOSP_001,Surgical,22,30,68,47,34,21
2025-08-29,HOSP_001,Pediatrics,25,19,52,40,28,10
2025-08-30,HOSP_001,Emergency,49,40,72,72,43,4
2025-08-30,HOSP_001,Medical,29,32,96,51,38,8
2025-08-30,HOSP_001,Surgical,20,17,68,50,32,9
2025-08-30,HOSP_001,Pediatrics,18,14,52,44,24,4
2025-08-31,HOSP_001,Emergency,52,41,72,72,43,5
2025-08-31,HOSP_001,Medical,28,28,96,51,35,13
2025-08-31,HOSP_001,Surgical,20,21,68,49,35,18
2025-08-31,HOSP_001,Pediatrics,17,18,52,43,26,1
2025-09-01,HOSP_001,Emergency,47,41,72,72,46,5
2025-09-01,HOSP_001,Medical,35,29,96,57,34,18
2025-09-01,HOSP_001,Surgical,17,14,68,52,31,23
2025-09-01,HOSP_001,Pediatrics,13,23,52,33,25,7
2025-09-02,HOSP_001,Emergency,44,44,72,72,47,11
2025-09-02,HOSP_001,Medical,29,28,96,58,33,15
2025-09-02,HOSP_001,Surgical,17,19,68,50,32,21
2025-09-02,HOSP_001,Pediatrics,16,14,52,35,23,7
2025-09-03,HOSP_001,Emergency,45,37,72,72,42,9
2025-09-03,HOSP_001,Medical,35,28,96,65,37,14
2025-09-03,HOSP_001,Surgical,16,18,68,48,32,23
2025-09-03,HOSP_001,Pediatrics,16,19,52,32,25,7
2025-09-04,HOSP_001,Emergency,43,40,72,72,39,8
2025-09-04,HOSP_001,Medical,34,36,96,63,38,17
2025-09-04,HOSP_001,Surgical,20,23,68,45,25,23
2025-09-04,HOSP_001,Pediatrics,20,12,52,40,22,10
2025-09-05,HOSP_001,Emergency,38,38,72,72,45,11
2025-09-05,HOSP_001,Medical,35,35,96,63,37,13
2025-09-05,HOSP_001,Surgical,21,16,68,50,32,22
2025-09-05,HOSP_001,Pediatrics,17,17,52,40,23,9
2025-09-06,HOSP_001,Emergency,50,47,72,72,42,5
2025-09-06,HOSP_001,Medical,26,28,96,61,35,10
2025-09-06,HOSP_001,Surgical,20,19,68,51,27,8
2025-09-06,HOSP_001,Pediatrics,21,23,52,38,21,5
2025-09-07,HOSP_001,Emergency,54,47,72,72,46,8
2025-09-07,HOSP_001,Medical,27,30,96,58,39,10
2025-09-07,HOSP_001,Surgical,18,17,68,52,29,16
2025-09-07,HOSP_001,Pediatrics,16,17,52,37,25,0
2025-09-08,HOSP_001,Emergency,45,37,72,72,44,8
2025-09-08,HOSP_001,Medical,34,30,96,62,35,12
2025-09-08,HOSP_001,Surgical,22,19,68,55,31,20
2025-09-08,HOSP_001,Pediatrics,19,20,52,36,27,5
2025-09-09,HOSP_001,Emergency,41,44,72,69,41,9
2025-09-09,HOSP_001,Medical,36,33,96,65,34,13
2025-09-09,HOSP_001,Surgical,20,21,68,54,31,20
2025-09-09,HOSP_001,Pediatrics,16,13,52,39,26,5
2025-09-10,HOSP_001,Emergency,36,36,72,69,40,13
2025-09-10,HOSP_001,Medical,28,30,96,63,37,15
2025-09-10,HOSP_001,Surgical,20,21,68,53,30,27
2025-09-10,HOSP_001,Pediatrics,17,17,52,39,23,8
2025-09-11,HOSP_001,Emergency,44,37,72,72,45,11
2025-09-11,HOSP_001,Medical,34,32,96,65,38,12
2025-09-11,HOSP_001,Surgical,18,21,68,50,29,23
2025-09-11,HOSP_001,Pediatrics,17,19,52,37,25,7
2025-09-12,HOSP_001,Emergency,46,45,72,72,40,11
2025-09-12,HOSP_001,Medical,36,36,96,65,36,16
2025-09-12,HOSP_001,Surgical,25,23,68,52,33,23
2025-09-12,HOSP_001,Pediatrics,17,18,52,36,24,10
2025-09-13,HOSP_001,Emergency,49,42,72,72,43,3
2025-09-13,HOSP_001,Medical,32,31,96,66,36,6
2025-09-13,HOSP_001,Surgical,19,19,68,52,32,11
2025-09-13,HOSP_001,Pediatrics,21,23,52,34,26,4
2025-09-14,HOSP_001,Emergency,53,38,72,72,44,3
2025-09-14,HOSP_001,Medical,28,32,96,62,36,7
2025-09-14,HOSP_001,Surgical,22,15,68,59,30,12
2025-09-14,HOSP_001,Pediatrics,22,10,52,46,28,1
2025-09-15,HOSP_001,Emergency,39,40,72,71,42,11
2025-09-15,HOSP_001,Medical,27,31,96,58,38,11
2025-09-15,HOSP_001,Surgical,19,19,68,59,34,26
2025-09-15,HOSP_001,Pediatrics,20,20,52,46,25,9
2025-09-16,HOSP_001,Emergency,48,41,72,72,42,10
2025-09-16,HOSP_001,Medical,31,30,96,59,38,13
2025-09-16,HOSP_001,Surgical,20,23,68,56,32,20
2025-09-16,HOSP_001,Pediatrics,20,22,52,44,24,3
2025-09-17,HOSP_001,Emergency,40,39,72,72,43,10
2025-09-17,HOSP_001,Medical,32,29,96,62,39,11
2025-09-17,HOSP_001,Surgical,21,30,68,47,30,26
2025-09-17,HOSP_001,Pediatrics,17,21,52,40,26,8
2025-09-18,HOSP_001,Emergency,51,45,72,72,44,11
2025-09-18,HOSP_001,Medical,35,35,96,62,35,10
2025-09-18,HOSP_001,Surgical,16,21,68,42,33,23
2025-09-18,HOSP_001,Pediatrics,17,22,52,35,24,7
2025-09-19,HOSP_001,Emergency,47,40,72,72,42,8
2025-09-19,HOSP_001,Medical,33,32,96,63,34,16
2025-09-19,HOSP_001,Surgical,21,20,68,43,27,24
2025-09-19,HOSP_001,Pediatrics,17,21,52,31,25,8
2025-09-20,HOSP_001,Emergency,53,47,72,72,43,6
2025-09-20,HOSP_001,Medical,27,29,96,61,36,6
2025-09-20,HOSP_001,Surgical,16,13,68,46,33,13
2025-09-20,HOSP_001,Pediatrics,22,21,52,32,23,5
2025-09-21,HOSP_001,Emergency,53,45,72,72,42,7
2025-09-21,HOSP_001,Medical,31,31,96,61,34,8
2025-09-21,HOSP_001,Surgical,21,14,68,53,32,13
2025-09-21,HOSP_001,Pediatrics,19,13,52,38,22,4
2025-09-22,HOSP_001,Emergency,48,42,72,72,47,11
2025-09-22,HOSP_001,Medical,31,27,96,65,36,13
2025-09-22,HOSP_001,Surgical,26,16,68,63,30,25
2025-09-22,HOSP_001,Pediatrics,17,18,52,37,22,7
2025-09-23,HOSP_001,Emergency,49,40,72,72,40,12
2025-09-23,HOSP_001,Medical,31,30,96,66,35,12
2025-09-23,HOSP_001,Surgical,17,25,68,55,32,24
2025-09-23,HOSP_001,Pediatrics,20,21,52,36,25,8
2025-09-24,HOSP_001,Emergency,39,39,72,72,41,12
2025-09-24,HOSP_001,Medical,29,32,96,63,36,12
2025-09-24,HOSP_001,Surgical,24,19,68,60,34,22
2025-09-24,HOSP_001,Pediatrics,23,17,52,42,24,8
2025-09-25,HOSP_001,Emergency,39,36,72,72,42,13
2025-09-25,HOSP_001,Medical,29,31,96,61,37,18
2025-09-25,HOSP_001,Surgical,23,25,68,58,30,23
2025-09-25,HOSP_001,Pediatrics,20,23,52,39,23,10
2025-09-26,HOSP_001,Emergency,46,41,72,72,44,12
2025-09-26,HOSP_001,Medical,31,31,96,61,33,13
2025-09-26,HOSP_001,Surgical,20,22,68,56,31,23
2025-09-26,HOSP_001,Pediatrics,14,16,52,37,26,7
2025-09-27,HOSP_001,Emergency,48,41,72,72,44,6
2025-09-27,HOSP_001,Medical,34,33,96,62,37,11
2025-09-27,HOSP_001,Surgical,23,25,68,54,30,16
2025-09-27,HOSP_001,Pediatrics,18,22,52,33,22,5
2025-09-28,HOSP_001,Emergency,53,46,72,72,42,6
2025-09-28,HOSP_001,Medical,27,27,96,62,36,8
2025-09-28,HOSP_001,Surgical,20,19,68,55,31,10
2025-09-28,HOSP_001,Pediatrics,22,16,52,39,19,5
2025-09-29,HOSP_001,Emergency,46,38,72,72,40,8
2025-09-29,HOSP_001,Medical,28,37,96,53,39,14
2025-09-29,HOSP_001,Surgical,22,19,68,58,31,22
2025-09-29,HOSP_001,Pediatrics,17,20,52,36,29,7
2025-09-30,HOSP_001,Emergency,43,37,72,72,45,8
2025-09-30,HOSP_001,Medical,28,30,96,51,36,17
2025-09-30,HOSP_001,Surgical,20,16,68,62,30,21
2025-09-30,HOSP_001,Pediatrics,19,18,52,37,23,10
2025-10-01,HOSP_001,Emergency,46,38,72,72,43,12
2025-10-01,HOSP_001,Medical,36,33,96,54,35,14
2025-10-01,HOSP_001,Surgical,25,26,68,61,32,22
2025-10-01,HOSP_001,Pediatrics,19,24,52,32,24,13
2025-10-02,HOSP_001,Emergency,42,39,72,72,43,9
2025-10-02,HOSP_001,Medical,31,30,96,55,38,11
2025-10-02,HOSP_001,Surgical,22,17,68,66,30,24
2025-10-02,HOSP_001,Pediatrics,17,16,52,33,23,7
2025-10-03,HOSP_001,Emergency,43,38,72,72,41,12
2025-10-03,HOSP_001,Medical,26,32,96,49,37,14
2025-10-03,HOSP_001,Surgical,24,28,68,62,30,24
2025-10-03,HOSP_001,Pediatrics,18,19,52,32,26,10
2025-10-04,HOSP_001,Emergency,51,39,72,72,40,7
2025-10-04,HOSP_001,Medical,28,25,96,52,33,10
2025-10-04,HOSP_001,Surgical,19,19,68,62,30,13
2025-10-04,HOSP_001,Pediatrics,24,18,52,38,24,3
2025-10-05,HOSP_001,Emergency,48,40,72,72,41,3
2025-10-05,HOSP_001,Medical,26,22,96,56,33,10
2025-10-05,HOSP_001,Surgical,21,23,68,60,33,14
2025-10-05,HOSP_001,Pediatrics,22,19,52,41,27,4
2025-10-06,HOSP_001,Emergency,46,42,72,72,39,9
2025-10-06,HOSP_001,Medical,33,25,96,64,36,17
2025-10-06,HOSP_001,Surgical,24,18,68,66,30,23
2025-10-06,HOSP_001,Pediatrics,17,24,52,34,29,6
2025-10-07,HOSP_001,Emergency,44,40,72,72,43,9
2025-10-07,HOSP_001,Medical,35,32,96,67,38,13
2025-10-07,HOSP_001,Surgical,22,26,68,62,31,26
2025-10-07,HOSP_001,Pediatrics,23,18,52,39,26,6
2025-10-08,HOSP_001,Emergency,42,35,72,72,44,4
2025-10-08,HOSP_001,Medical,34,36,96,65,39,15
2025-10-08,HOSP_001,Surgical,22,28,68,56,29,19
2025-10-08,HOSP_001,Pediatrics,23,22,52,40,22,6
2025-10-09,HOSP_001,Emergency,46,42,72,72,42,7
2025-10-09,HOSP_001,Medical,33,29,96,69,38,11
2025-10-09,HOSP_001,Surgical,20,17,68,59,30,25
2025-10-09,HOSP_001,Pediatrics,20,14,52,46,25,6
2025-10-10,HOSP_001,Emergency,56,56,72,72,41,10
2025-10-10,HOSP_001,Medical,34,37,96,66,41,11
2025-10-10,HOSP_001,Surgical,20,23,68,56,31,24
2025-10-10,HOSP_001,Pediatrics,20,22,52,44,26,7
2025-10-11,HOSP_001,Emergency,55,38,72,72,45,6
2025-10-11,HOSP_001,Medical,25,31,96,60,40,9
2025-10-11,HOSP_001,Surgical,20,24,68,52,28,9
2025-10-11,HOSP_001,Pediatrics,22,26,52,40,23,6
2025-10-12,HOSP_001,Emergency,48,45,72,72,44,3
2025-10-12,HOSP_001,Medical,35,34,96,61,39,10
2025-10-12,HOSP_001,Surgical,21,21,68,52,31,13
2025-10-12,HOSP_001,Pediatrics,19,17,52,42,24,4
2025-10-13,HOSP_001,Emergency,44,41,72,72,41,8
2025-10-13,HOSP_001,Medical,30,32,96,59,38,14
2025-10-13,HOSP_001,Surgical,23,24,68,51,31,22
2025-10-13,HOSP_001,Pediatrics,25,27,52,40,27,9
2025-10-14,HOSP_001,Emergency,54,39,72,72,41,9
2025-10-14,HOSP_001,Medical,31,31,96,59,39,15
2025-10-14,HOSP_001,Surgical,25,22,68,54,25,25
2025-10-14,HOSP_001,Pediatrics,19,22,52,37,33,6
2025-10-15,HOSP_001,Emergency,53,45,72,72,46,11
2025-10-15,HOSP_001,Medical,35,30,96,64,39,12
2025-10-15,HOSP_001,Surgical,20,15,68,59,28,21
2025-10-15,HOSP_001,Pediatrics,21,23,52,35,21,12
2025-10-16,HOSP_001,Emergency,55,42,72,72,41,9
2025-10-16,HOSP_001,Medical,29,30,96,63,35,14
2025-10-16,HOSP_001,Surgical,22,20,68,61,29,24
2025-10-16,HOSP_001,Pediatrics,20,16,52,39,24,5
2025-10-17,HOSP_001,Emergency,58,43,72,72,40,11
2025-10-17,HOSP_001,Medical,35,35,96,63,41,14
2025-10-17,HOSP_001,Surgical,24,24,68,61,32,23
2025-10-17,HOSP_001,Pediatrics,21,22,52,38,24,5
2025-10-18,HOSP_001,Emergency,45,37,72,72,44,6
2025-10-18,HOSP_001,Medical,27,29,96,61,35,9
2025-10-18,HOSP_001,Surgical,19,24,68,56,34,15
2025-10-18,HOSP_001,Pediatrics,21,18,52,41,26,4
2025-10-19,HOSP_001,Emergency,60,48,72,72,40,6
2025-10-19,HOSP_001,Medical,31,31,96,61,38,11
2025-10-19,HOSP_001,Surgical,17,20,68,53,31,13
2025-10-19,HOSP_001,Pediatrics,24,24,52,41,23,4
2025-10-20,HOSP_001,Emergency,51,37,72,72,44,8
2025-10-20,HOSP_001,Medical,31,29,96,63,37,15
2025-10-20,HOSP_001,Surgical,25,26,68,52,33,27
2025-10-20,HOSP_001,Pediatrics,20,19,52,42,26,6
2025-10-21,HOSP_001,Emergency,50,43,72,72,43,7
2025-10-21,HOSP_001,Medical,34,41,96,56,34,12
2025-10-21,HOSP_001,Surgical,25,21,68,56,30,25
2025-10-21,HOSP_001,Pediatrics,17,23,52,36,25,10
2025-10-22,HOSP_001,Emergency,47,37,72,72,42,11
2025-10-22,HOSP_001,Medical,30,29,96,57,34,13
2025-10-22,HOSP_001,Surgical,20,21,68,55,30,24
2025-10-22,HOSP_001,Pediatrics,23,24,52,35,24,5
2025-10-23,HOSP_001,Emergency,54,46,72,72,42,7
2025-10-23,HOSP_001,Medical,35,28,96,64,39,19
2025-10-23,HOSP_001,Surgical,26,27,68,54,32,22
2025-10-23,HOSP_001,Pediatrics,14,13,52,36,23,6
2025-10-24,HOSP_001,Emergency,40,42,72,70,39,9
2025-10-24,HOSP_001,Medical,35,35,96,64,36,15
2025-10-24,HOSP_001,Surgical,30,23,68,61,31,24
2025-10-24,HOSP_001,Pediatrics,20,17,52,39,25,13
2025-10-25,HOSP_001,Emergency,56,40,72,72,42,9
2025-10-25,HOSP_001,Medical,32,34,96,62,38,4
2025-10-25,HOSP_001,Surgical,21,22,68,60,30,13
2025-10-25,HOSP_001,Pediatrics,19,18,52,40,23,1
2025-10-26,HOSP_001,Emergency,56,41,72,72,44,4
2025-10-26,HOSP_001,Medical,30,30,96,62,38,6
2025-10-26,HOSP_001,Surgical,16,18,68,58,34,13
2025-10-26,HOSP_001,Pediatrics,20,22,52,38,26,8
2025-10-27,HOSP_001,Emergency,51,42,72,72,46,12
2025-10-27,HOSP_001,Medical,34,33,96,63,33,13
2025-10-27,HOSP_001,Surgical,20,21,68,57,31,24
2025-10-27,HOSP_001,Pediatrics,21,20,52,39,27,11
2025-10-28,HOSP_001,Emergency,51,44,72,72,42,12
2025-10-28,HOSP_001,Medical,38,36,96,65,35,16
2025-10-28,HOSP_001,Surgical,24,26,68,55,32,23
2025-10-28,HOSP_001,Pediatrics,18,19,52,38,23,10
2025-10-29,HOSP_001,Emergency,48,46,72,72,40,10
2025-10-29,HOSP_001,Medical,37,36,96,66,36,14
2025-10-29,HOSP_001,Surgical,22,20,68,57,32,26
2025-10-29,HOSP_001,Pediatrics,22,24,52,36,26,7
2025-10-30,HOSP_001,Emergency,52,35,72,72,39,12
2025-10-30,HOSP_001,Medical,32,33,96,65,36,17
2025-10-30,HOSP_001,Surgical,24,21,68,60,32,23
2025-10-30,HOSP_001,Pediatrics,23,24,52,35,26,13
2025-10-31,HOSP_001,Emergency,45,42,72,72,43,8
2025-10-31,HOSP_001,Medical,40,36,96,69,34,17
2025-10-31,HOSP_001,Surgical,19,20,68,59,34,23
2025-10-31,HOSP_001,Pediatrics,17,17,52,35,24,9
2025-11-01,HOSP_001,Emergency,56,41,72,72,44,5
2025-11-01,HOSP_001,Medical,28,35,96,62,33,8
2025-11-01,HOSP_001,Surgical,21,23,68,57,30,14
2025-11-01,HOSP_001,Pediatrics,24,22,52,37,20,3
2025-11-02,HOSP_001,Emergency,50,42,72,72,41,5
2025-11-02,HOSP_001,Medical,29,32,96,59,34,7
2025-11-02,HOSP_001,Surgical,16,20,68,53,31,14
2025-11-02,HOSP_001,Pediatrics,21,21,52,37,27,3
2025-11-03,HOSP_001,Emergency,56,47,72,72,42,10
2025-11-03,HOSP_001,Medical,38,30,96,67,34,15
2025-11-03,HOSP_001,Surgical,23,21,68,55,31,23
2025-11-03,HOSP_001,Pediatrics,19,20,52,36,24,6
2025-11-04,HOSP_001,Emergency,47,47,72,72,43,12
2025-11-04,HOSP_001,Medical,35,37,96,65,37,19
2025-11-04,HOSP_001,Surgical,23,28,68,50,28,25
2025-11-04,HOSP_001,Pediatrics,22,15,52,43,26,9
2025-11-05,HOSP_001,Emergency,45,40,72,72,45,11
2025-11-05,HOSP_001,Medical,41,38,96,68,34,16
2025-11-05,HOSP_001,Surgical,30,19,68,61,30,27
2025-11-05,HOSP_001,Pediatrics,24,24,52,43,23,6
2025-11-06,HOSP_001,Emergency,55,49,72,72,44,11
2025-11-06,HOSP_001,Medical,37,43,96,62,38,15
2025-11-06,HOSP_001,Surgical,22,24,68,59,30,25
2025-11-06,HOSP_001,Pediatrics,20,22,52,41,25,11
2025-11-07,HOSP_001,Emergency,57,43,72,72,38,10
2025-11-07,HOSP_001,Medical,36,34,96,64,37,18
2025-11-07,HOSP_001,Surgical,20,26,68,53,30,25
2025-11-07,HOSP_001,Pediatrics,22,17,52,46,26,8
2025-11-08,HOSP_001,Emergency,55,40,72,72,46,9
2025-11-08,HOSP_001,Medical,34,35,96,63,38,10
2025-11-08,HOSP_001,Surgical,24,22,68,55,34,14
2025-11-08,HOSP_001,Pediatrics,24,22,52,48,28,5
2025-11-09,HOSP_001,Emergency,55,41,72,72,39,10
2025-11-09,HOSP_001,Medical,39,36,96,66,39,12
2025-11-09,HOSP_001,Surgical,24,20,68,59,29,15
2025-11-09,HOSP_001,Pediatrics,29,29,52,48,27,5
2025-11-10,HOSP_001,Emergency,51,44,72,72,43,7
2025-11-10,HOSP_001,Medical,30,36,96,60,34,15
2025-11-10,HOSP_001,Surgical,25,21,68,63,34,28
2025-11-10,HOSP_001,Pediatrics,20,27,52,41,26,7
2025-11-11,HOSP_001,Emergency,40,38,72,72,40,11
2025-11-11,HOSP_001,Medical,40,33,96,67,37,17
2025-11-11,HOSP_001,Surgical,25,28,68,60,30,26
2025-11-11,HOSP_001,Pediatrics,19,14,52,46,27,12
2025-11-12,HOSP_001,Emergency,52,40,72,72,43,9
2025-11-12,HOSP_001,Medical,31,36,96,62,35,18
2025-11-12,HOSP_001,Surgical,25,29,68,56,29,24
2025-11-12,HOSP_001,Pediatrics,21,26,52,41,21,14
2025-11-13,HOSP_001,Emergency,59,48,72,72,42,8
2025-11-13,HOSP_001,Medical,33,31,96,64,36,17
2025-11-13,HOSP_001,Surgical,21,23,68,54,30,27
2025-11-13,HOSP_001,Pediatrics,17,16,52,42,23,12
2025-11-14,HOSP_001,Emergency,54,44,72,72,43,11
2025-11-14,HOSP_001,Medical,32,37,96,59,37,14
2025-11-14,HOSP_001,Surgical,25,27,68,52,33,28
2025-11-14,HOSP_001,Pediatrics,16,20,52,38,28,9
2025-11-15,HOSP_001,Emergency,55,41,72,72,43,9
2025-11-15,HOSP_001,Medical,30,28,96,61,35,11
2025-11-15,HOSP_001,Surgical,21,23,68,50,32,13
2025-11-15,HOSP_001,Pediatrics,23,18,52,43,25,2
2025-11-16,HOSP_001,Emergency,58,41,72,72,41,6
2025-11-16,HOSP_001,Medical,29,33,96,57,40,9
2025-11-16,HOSP_001,Surgical,22,22,68,50,31,16
2025-11-16,HOSP_001,Pediatrics,21,24,52,40,26,1
2025-11-17,HOSP_001,Emergency,57,41,72,72,43,11
2025-11-17,HOSP_001,Medical,41,35,96,63,37,16
2025-11-17,HOSP_001,Surgical,25,22,68,53,31,27
2025-11-17,HOSP_001,Pediatrics,21,20,52,41,27,12
2025-11-18,HOSP_001,Emergency,48,48,72,72,42,10
2025-11-18,HOSP_001,Medical,32,35,96,60,36,17
2025-11-18,HOSP_001,Surgical,21,22,68,52,30,28
2025-11-18,HOSP_001,Pediatrics,19,20,52,40,26,6
2025-11-19,HOSP_001,Emergency,47,42,72,72,40,10
2025-11-19,HOSP_001,Medical,39,30,96,69,37,15
2025-11-19,HOSP_001,Surgical,26,26,68,52,32,28
2025-11-19,HOSP_001,Pediatrics,19,17,52,42,23,10
2025-11-20,HOSP_001,Emergency,52,43,72,72,44,8
2025-11-20,HOSP_001,Medical,30,36,96,63,38,18
2025-11-20,HOSP_001,Surgical,25,20,68,57,33,25
2025-11-20,HOSP_001,Pediatrics,21,23,52,40,25,7
2025-11-21,HOSP_001,Emergency,53,43,72,72,44,13
2025-11-21,HOSP_001,Medical,29,27,96,65,41,16
2025-11-21,HOSP_001,Surgical,24,22,68,59,30,27
2025-11-21,HOSP_001,Pediatrics,22,21,52,41,25,8
2025-11-22,HOSP_001,Emergency,63,48,72,72,45,6
2025-11-22,HOSP_001,Medical,42,32,96,75,39,7
2025-11-22,HOSP_001,Surgical,18,17,68,60,28,15
2025-11-22,HOSP_001,Pediatrics,26,25,52,42,25,6
2025-11-23,HOSP_001,Emergency,57,41,72,72,45,6
2025-11-23,HOSP_001,Medical,31,38,96,68,35,10
2025-11-23,HOSP_001,Surgical,23,23,68,60,34,14
2025-11-23,HOSP_001,Pediatrics,22,24,52,40,23,3
2025-11-24,HOSP_001,Emergency,58,41,72,72,42,11
2025-11-24,HOSP_001,Medical,40,33,96,75,39,16
2025-11-24,HOSP_001,Surgical,22,22,68,60,28,29
2025-11-24,HOSP_001,Pediatrics,18,15,52,43,24,10
2025-11-25,HOSP_001,Emergency,47,39,72,72,44,14
2025-11-25,HOSP_001,Medical,33,38,96,70,36,19
2025-11-25,HOSP_001,Surgical,21,23,68,58,33,28
2025-11-25,HOSP_001,Pediatrics,23,24,52,42,25,8
2025-11-26,HOSP_001,Emergency,63,51,72,72,46,11
2025-11-26,HOSP_001,Medical,37,32,96,75,42,14
2025-11-26,HOSP_001,Surgical,21,21,68,58,33,29
2025-11-26,HOSP_001,Pediatrics,22,19,52,45,25,5
2025-11-27,HOSP_001,Emergency,48,43,72,72,42,13
2025-11-27,HOSP_001,Medical,38,40,96,73,35,17
2025-11-27,HOSP_001,Surgical,22,17,68,63,31,31
2025-11-27,HOSP_001,Pediatrics,17,16,52,46,25,8
2025-11-28,HOSP_001,Emergency,60,41,72,72,47,11
2025-11-28,HOSP_001,Medical,32,35,96,70,36,14
2025-11-28,HOSP_001,Surgical,29,26,68,66,33,30
2025-11-28,HOSP_001,Pediatrics,23,18,52,51,26,13
2025-11-29,HOSP_001,Emergency,53,39,72,72,45,1
2025-11-29,HOSP_001,Medical,29,33,96,66,34,9
2025-11-29,HOSP_001,Surgical,18,24,68,60,27,14
2025-11-29,HOSP_001,Pediatrics,21,24,52,48,24,3
2025-11-30,HOSP_001,Emergency,66,47,72,72,45,8
2025-11-30,HOSP_001,Medical,34,39,96,61,35,13
2025-11-30,HOSP_001,Surgical,23,18,68,65,32,14
2025-11-30,HOSP_001,Pediatrics,27,22,52,52,27,5
2025-12-01,HOSP_001,Emergency,58,45,72,72,43,13
2025-12-01,HOSP_001,Medical,37,31,96,67,38,19
2025-12-01,HOSP_001,Surgical,25,25,68,65,29,23
2025-12-01,HOSP_001,Pediatrics,23,25,52,50,29,9
2025-12-02,HOSP_001,Emergency,43,42,72,72,42,11
2025-12-02,HOSP_001,Medical,31,31,96,67,35,16
2025-12-02,HOSP_001,Surgical,27,24,68,68,32,31
2025-12-02,HOSP_001,Pediatrics,24,26,52,48,27,10
2025-12-03,HOSP_001,Emergency,52,41,72,72,41,13
2025-12-03,HOSP_001,Medical,34,32,96,69,36,20
2025-12-03,HOSP_001,Surgical,25,24,68,68,31,30
2025-12-03,HOSP_001,Pediatrics,23,22,52,49,26,9
2025-12-04,HOSP_001,Emergency,45,39,72,72,42,13
2025-12-04,HOSP_001,Medical,38,32,96,75,37,18
2025-12-04,HOSP_001,Surgical,27,29,68,66,33,29
2025-12-04,HOSP_001,Pediatrics,24,27,52,46,25,10
2025-12-05,HOSP_001,Emergency,52,41,72,72,44,12
2025-12-05,HOSP_001,Medical,34,39,96,70,36,16
2025-12-05,HOSP_001,Surgical,27,32,68,61,35,27
2025-12-05,HOSP_001,Pediatrics,20,27,52,39,24,7
2025-12-06,HOSP_001,Emergency,60,41,72,72,45,8
2025-12-06,HOSP_001,Medical,35,28,96,77,36,10
2025-12-06,HOSP_001,Surgical,26,22,68,65,33,16
2025-12-06,HOSP_001,Pediatrics,17,24,52,32,25,4
2025-12-07,HOSP_001,Emergency,71,52,72,72,45,7
2025-12-07,HOSP_001,Medical,27,38,96,66,38,9
2025-12-07,HOSP_001,Surgical,20,25,68,60,30,15
2025-12-07,HOSP_001,Pediatrics,21,19,52,34,26,2
2025-12-08,HOSP_001,Emergency,42,39,72,72,42,8
2025-12-08,HOSP_001,Medical,29,27,96,68,39,21
2025-12-08,HOSP_001,Surgical,27,21,68,66,30,27
2025-12-08,HOSP_001,Pediatrics,23,19,52,38,24,9
2025-12-09,HOSP_001,Emergency,52,43,72,72,40,8
2025-12-09,HOSP_001,Medical,33,31,96,70,37,13
2025-12-09,HOSP_001,Surgical,22,26,68,62,34,27
2025-12-09,HOSP_001,Pediatrics,20,22,52,36,24,6
2025-12-10,HOSP_001,Emergency,56,44,72,72,45,14
2025-12-10,HOSP_001,Medical,40,49,96,61,40,17
2025-12-10,HOSP_001,Surgical,26,27,68,61,32,30
2025-12-10,HOSP_001,Pediatrics,23,22,52,37,27,10
2025-12-11,HOSP_001,Emergency,50,41,72,72,45,8
2025-12-11,HOSP_001,Medical,40,36,96,65,40,19
2025-12-11,HOSP_001,Surgical,25,25,68,61,31,28
2025-12-11,HOSP_001,Pediatrics,24,18,52,43,25,10
2025-12-12,HOSP_001,Emergency,54,44,72,72,47,7
2025-12-12,HOSP_001,Medical,36,31,96,70,37,15
2025-12-12,HOSP_001,Surgical,22,27,68,56,32,23
2025-12-12,HOSP_001,Pediatrics,26,26,52,43,27,9
2025-12-13,HOSP_001,Emergency,51,40,72,72,38,7
2025-12-13,HOSP_001,Medical,33,38,96,65,39,7
2025-12-13,HOSP_001,Surgical,21,19,68,58,29,13
2025-12-13,HOSP_001,Pediatrics,24,22,52,45,24,1
2025-12-14,HOSP_001,Emergency,65,47,72,72,45,8
2025-12-14,HOSP_001,Medical,38,35,96,68,37,6
2025-12-14,HOSP_001,Surgical,22,19,68,61,31,19
2025-12-14,HOSP_001,Pediatrics,27,24,52,48,28,4
2025-12-15,HOSP_001,Emergency,50,44,72,72,46,14
2025-12-15,HOSP_001,Medical,34,31,96,71,40,17
2025-12-15,HOSP_001,Surgical,28,16,68,68,33,27
2025-12-15,HOSP_001,Pediatrics,22,29,52,41,24,9
2025-12-16,HOSP_001,Emergency,60,40,72,72,44,14
2025-12-16,HOSP_001,Medical,37,36,96,72,38,20
2025-12-16,HOSP_001,Surgical,24,20,68,68,29,30
2025-12-16,HOSP_001,Pediatrics,20,24,52,37,26,7
2025-12-17,HOSP_001,Emergency,62,50,72,72,45,11
2025-12-17,HOSP_001,Medical,32,38,96,66,36,17
2025-12-17,HOSP_001,Surgical,30,21,68,68,34,30
2025-12-17,HOSP_001,Pediatrics,23,20,52,40,24,8
2025-12-18,HOSP_001,Emergency,70,48,72,72,43,15
2025-12-18,HOSP_001,Medical,38,36,96,68,37,18
2025-12-18,HOSP_001,Surgical,25,29,68,64,32,25
2025-12-18,HOSP_001,Pediatrics,26,24,52,42,24,11
2025-12-19,HOSP_001,Emergency,58,47,72,72,44,11
2025-12-19,HOSP_001,Medical,31,36,96,63,36,14
2025-12-19,HOSP_001,Surgical,27,31,68,60,31,29
2025-12-19,HOSP_001,Pediatrics,27,23,52,46,23,11
2025-12-20,HOSP_001,Emergency,53,44,72,72,41,7
2025-12-20,HOSP_001,Medical,32,30,96,65,37,9
2025-12-20,HOSP_001,Surgical,23,26,68,57,27,15
2025-12-20,HOSP_001,Pediatrics,24,19,52,51,27,6
2025-12-21,HOSP_001,Emergency,55,40,72,72,41,6
2025-12-21,HOSP_001,Medical,37,37,96,65,39,12
2025-12-21,HOSP_001,Surgical,20,21,68,56,32,12
2025-12-21,HOSP_001,Pediatrics,27,27,52,51,23,5
2025-12-22,HOSP_001,Emergency,51,45,72,72,42,10
2025-12-22,HOSP_001,Medical,33,35,96,63,39,19
2025-12-22,HOSP_001,Surgical,23,23,68,56,31,27
2025-12-22,HOSP_001,Pediatrics,23,27,52,47,28,13
2025-12-23,HOSP_001,Emergency,58,39,72,72,48,12
2025-12-23,HOSP_001,Medical,42,35,96,70,39,15
2025-12-23,HOSP_001,Surgical,25,22,68,59,32,29
2025-12-23,HOSP_001,Pediatrics,13,23,52,37,27,8
2025-12-24,HOSP_001,Emergency,57,43,72,72,44,14
2025-12-24,HOSP_001,Medical,37,38,96,69,37,15
2025-12-24,HOSP_001,Surgical,28,21,68,66,29,26
2025-12-24,HOSP_001,Pediatrics,23,20,52,40,24,7
2025-12-25,HOSP_001,Emergency,49,42,72,72,44,9
2025-12-25,HOSP_001,Medical,34,36,96,67,34,13
2025-12-25,HOSP_001,Surgical,23,23,68,66,30,30
2025-12-25,HOSP_001,Pediatrics,23,23,52,40,26,9
2025-12-26,HOSP_001,Emergency,46,44,72,72,38,15
2025-12-26,HOSP_001,Medical,32,32,96,67,39,17
2025-12-26,HOSP_001,Surgical,27,23,68,68,32,31
2025-12-26,HOSP_001,Pediatrics,20,18,52,42,26,6
2025-12-27,HOSP_001,Emergency,57,44,72,72,44,7
2025-12-27,HOSP_001,Medical,33,41,96,59,35,9
2025-12-27,HOSP_001,Surgical,22,26,68,64,30,16
2025-12-27,HOSP_001,Pediatrics,25,21,52,46,26,7
2025-12-28,HOSP_001,Emergency,69,51,72,72,45,6
2025-12-28,HOSP_001,Medical,35,32,96,62,35,14
2025-12-28,HOSP_001,Surgical,24,21,68,67,29,18
2025-12-28,HOSP_001,Pediatrics,20,25,52,41,28,4
2025-12-29,HOSP_001,Emergency,55,36,72,72,41,12
2025-12-29,HOSP_001,Medical,35,38,96,59,31,20
2025-12-29,HOSP_001,Surgical,20,25,68,62,32,25
2025-12-29,HOSP_001,Pediatrics,21,22,52,40,30,10
2025-12-30,HOSP_001,Emergency,54,40,72,72,38,15
2025-12-30,HOSP_001,Medical,47,38,96,68,40,17
2025-12-30,HOSP_001,Surgical,25,24,68,63,33,28
2025-12-30,HOSP_001,Pediatrics,22,20,52,42,24,9
2025-12-31,HOSP_001,Emergency,48,38,72,72,43,11
2025-12-31,HOSP_001,Medical,31,36,96,63,34,16
2025-12-31,HOSP_001,Surgical,25,27,68,61,34,30
2025-12-31,HOSP_001,Pediatrics,21,21,52,42,25,8
